position,Olivine Abundance,lon,lat
0,2.135807,74.538847,-11.0404
0.145433,1.655514,74.543629,-11.039413
0.290866,0.99668,74.548411,-11.038425
0.436299,1.941698,74.553192,-11.037438
0.581732,2.039891,74.557974,-11.03645
0.727165,2.113756,74.562756,-11.035462
0.872598,2.161968,74.567537,-11.034475
1.018031,2.315357,74.572319,-11.033487
1.163464,2.378645,74.577101,-11.032499
1.308897,2.163593,74.581882,-11.031511
1.45433,2.119402,74.586664,-11.030523
1.599763,2.062952,74.591445,-11.029535
1.745196,2.059173,74.596227,-11.028546
1.890629,2.326122,74.601008,-11.027558
2.036062,2.385085,74.60579,-11.02657
2.181495,2.943028,74.610571,-11.025581
2.326928,3.103444,74.615352,-11.024593
2.472361,2.557015,74.620134,-11.023604
2.617794,2.427307,74.624915,-11.022615
2.763227,2.161953,74.629696,-11.021627
2.90866,1.309637,74.634477,-11.020638
3.054093,1.978227,74.639259,-11.019649
3.199526,2.513064,74.64404,-11.01866
3.344959,2.76896,74.648821,-11.017671
3.490392,2.943218,74.653602,-11.016682
3.635825,2.589406,74.658383,-11.015693
3.781258,2.792598,74.663164,-11.014703
3.926691,2.85085,74.667945,-11.013714
4.072124,2.929724,74.672726,-11.012725
4.217557,2.891723,74.677507,-11.011735
4.36299,2.743824,74.682288,-11.010746
4.508424,2.587454,74.687069,-11.009756
4.653857,2.945356,74.691849,-11.008766
4.79929,2.629477,74.69663,-11.007777
4.944723,2.561336,74.701411,-11.006787
5.090156,2.911303,74.706192,-11.005797
5.235589,3.129572,74.710972,-11.004807
5.381022,3.001348,74.715753,-11.003817
5.526455,2.776737,74.720534,-11.002826
5.671888,3.071322,74.725314,-11.001836
5.817321,2.926429,74.730095,-11.000846
5.962754,3.523185,74.734875,-10.999856
6.108187,2.465875,74.739656,-10.998865
6.25362,3.793634,74.744436,-10.997875
6.399053,4.222579,74.749217,-10.996883
6.544486,3.284447,74.753997,-10.995893
6.689919,2.481345,74.758778,-10.994902
6.835352,2.444454,74.763558,-10.993912
6.980785,2.611849,74.768338,-10.992921
7.126218,2.48895,74.773119,-10.99193
7.271651,2.45958,74.777899,-10.990939
7.417084,2.439672,74.782679,-10.989948
7.562517,2.405952,74.787459,-10.988956
7.70795,2.562998,74.792239,-10.987965
7.853383,2.505781,74.79702,-10.986974
7.998816,2.476808,74.8018,-10.985982
8.144249,2.753517,74.80658,-10.984991
8.289682,2.682953,74.81136,-10.983999
8.435115,2.921313,74.81614,-10.983008
8.580548,3.319693,74.82092,-10.982016
8.725981,3.080199,74.8257,-10.981024
8.871414,3.542909,74.83048,-10.980032
9.016847,3.120096,74.835259,-10.97904
9.16228,3.119589,74.840039,-10.978048
9.307713,3.576103,74.844819,-10.977056
9.453146,3.183165,74.849599,-10.976064
9.598579,3.379654,74.854379,-10.975072
9.744012,3.211023,74.859158,-10.974079
9.889445,2.48154,74.863938,-10.973087
10.034878,2.718845,74.868718,-10.972094
10.180311,3.518219,74.873497,-10.971102
10.325744,3.742513,74.878277,-10.970108
10.471177,3.78415,74.883056,-10.969117
10.61661,3.950867,74.887836,-10.968124
10.762043,3.388266,74.892615,-10.967131
10.907476,3.455362,74.897395,-10.966138
11.052909,3.379337,74.902174,-10.965145
11.198342,2.645252,74.906954,-10.964152
11.343775,2.417239,74.911733,-10.963159
11.489208,2.355579,74.916512,-10.962166
11.634641,2.814398,74.921292,-10.961172
11.780074,3.197374,74.926071,-10.960179
11.925507,2.702638,74.93085,-10.959185
12.07094,2.33147,74.935629,-10.958192
12.216373,1.820783,74.940408,-10.957198
12.361806,2.76754,74.945187,-10.956205
12.507239,2.683557,74.949967,-10.955211
12.652672,2.036348,74.954746,-10.954217
12.798105,2.227253,74.959525,-10.953223
12.943538,2.193653,74.964304,-10.952229
13.088971,2.22182,74.969083,-10.951235
13.234404,2.542638,74.973862,-10.950241
13.379837,3.089317,74.97864,-10.949247
13.525271,3.405831,74.983419,-10.948253
13.670704,2.954179,74.988198,-10.947258
13.816137,3.909067,74.992977,-10.946263
13.96157,4.38061,74.997756,-10.945269
14.107003,2.71246,75.002534,-10.944275
14.252436,1.612938,75.007313,-10.94328
14.397869,1.640354,75.012092,-10.942286
14.543302,1.807444,75.016871,-10.941291
14.688735,1.880811,75.021649,-10.940296
14.834168,2.350328,75.026428,-10.939301
14.979601,2.181483,75.031206,-10.938306
15.125034,2.223729,75.035985,-10.937311
15.270467,2.309738,75.040763,-10.936316
15.4159,2.293393,75.045542,-10.935321
15.561333,2.206447,75.05032,-10.934325
15.706766,2.107014,75.055099,-10.93333
15.852199,2.238647,75.059877,-10.932334
15.997632,2.377946,75.064655,-10.931339
16.143065,1.636576,75.069434,-10.930343
16.288498,2.47085,75.074212,-10.929348
16.433931,2.551489,75.07899,-10.928352
16.579364,1.664555,75.083768,-10.927356
16.724797,1.433968,75.088546,-10.92636
16.87023,1.720675,75.093324,-10.925364
17.015663,2.722859,75.098103,-10.924368
17.161096,2.653833,75.102881,-10.923372
17.306529,2.377215,75.107659,-10.922376
17.451962,2.429146,75.112437,-10.92138
17.597395,2.364781,75.117215,-10.920383
17.742828,2.576212,75.121993,-10.919387
17.888261,2.666702,75.126771,-10.91839
18.033694,2.685309,75.131548,-10.917394
18.179127,2.263008,75.136326,-10.916397
18.32456,2.753565,75.141104,-10.9154
18.469993,3.090845,75.145882,-10.914404
18.615426,3.423168,75.15066,-10.913407
18.760859,3.784776,75.155437,-10.91241
18.906292,3.762284,75.160215,-10.911413
19.051725,3.330815,75.164993,-10.910416
19.197158,4.753114,75.16977,-10.909419
19.342591,4.437999,75.174548,-10.908421
19.488024,4.514037,75.179325,-10.907424
19.633457,4.019735,75.184103,-10.906427
19.77889,2.913963,75.18888,-10.905429
19.924323,1.498271,75.193658,-10.904432
20.069756,2.779042,75.198435,-10.903434
20.215189,3.423011,75.203213,-10.902436
20.360622,3.078303,75.20799,-10.901439
20.506055,3.366602,75.212767,-10.900441
20.651488,3.541006,75.217545,-10.899443
20.796921,3.02117,75.222322,-10.898445
20.942354,3.461984,75.227099,-10.897447
21.087787,2.763635,75.231876,-10.896449
21.23322,3.317767,75.236654,-10.895451
21.378653,3.217718,75.241431,-10.894452
21.524086,3.428582,75.246208,-10.893454
21.669519,2.801956,75.250985,-10.892456
21.814952,2.307002,75.255762,-10.891457
21.960385,2.393642,75.260539,-10.890459
22.105818,2.045886,75.265316,-10.88946
22.251251,2.561809,75.270093,-10.888461
22.396684,3.47493,75.27487,-10.887462
22.542118,3.748033,75.279647,-10.886464
22.687551,5.298236,75.284424,-10.885465
22.832984,4.299057,75.2892,-10.884466
22.978417,3.60343,75.293977,-10.883467
23.12385,3.971365,75.298754,-10.882467
23.269283,4.400657,75.303531,-10.881468
23.414716,3.184638,75.308307,-10.880469
23.560149,3.345535,75.313084,-10.87947
23.705582,3.344007,75.317861,-10.87847
23.851015,3.813198,75.322637,-10.877471
23.996448,3.64309,75.327414,-10.876471
24.141881,3.191952,75.33219,-10.875471
24.287314,2.705581,75.336967,-10.874472
24.432747,2.756894,75.341743,-10.873472
24.57818,2.699332,75.34652,-10.872472
24.723613,2.544729,75.351296,-10.871472
24.869046,2.791372,75.356072,-10.870472
25.014479,3.352636,75.360849,-10.869472
25.159912,3.799701,75.365625,-10.868472
25.305345,4.213251,75.370401,-10.867471
25.450778,3.61003,75.375178,-10.866471
25.596211,3.132057,75.379954,-10.865471
25.741644,3.447874,75.38473,-10.86447
25.887077,3.510641,75.389506,-10.86347
26.03251,4.193944,75.394282,-10.862469
26.177943,4.081945,75.399058,-10.861468
26.323376,3.644238,75.403834,-10.860467
26.468809,3.622425,75.40861,-10.859467
26.614242,3.538434,75.413386,-10.858466
26.759675,3.674876,75.418162,-10.857465
26.905108,3.681716,75.422938,-10.856464
27.050541,3.04889,75.427714,-10.855463
27.195974,6.632287,75.43249,-10.854461
27.341407,10,75.437266,-10.85346
27.48684,9.631717,75.442042,-10.852459
27.632273,7.815269,75.446817,-10.851457
27.777706,7.009849,75.451593,-10.850456
27.923139,6.685407,75.456369,-10.849454
28.068572,6.033768,75.461144,-10.848452
28.214005,5.532376,75.46592,-10.847451
28.359438,5.959191,75.470696,-10.846449
28.504871,5.717331,75.475471,-10.845447
28.650304,5.810277,75.480247,-10.844445
28.795737,5.477767,75.485022,-10.843443
28.94117,5.12781,75.489798,-10.842441
29.086603,5.392994,75.494573,-10.841439
29.232036,5.053738,75.499349,-10.840437
29.377469,5.823518,75.504124,-10.839434
29.522902,5.669877,75.508899,-10.838431
29.668335,3.916171,75.513675,-10.837429
29.813768,2.650574,75.51845,-10.836426
29.959201,2.821188,75.523225,-10.835424
30.104634,3.509834,75.528,-10.834422
30.250067,2.473499,75.532776,-10.833419
30.3955,2.964888,75.537551,-10.832416
30.540933,3.040137,75.542326,-10.831413
30.686366,2.911874,75.547101,-10.83041
30.831799,2.486536,75.551876,-10.829407
30.977232,2.624208,75.556651,-10.828404
31.122665,2.508001,75.561426,-10.827401
31.268098,2.536573,75.566201,-10.826397
31.413532,2.006805,75.570976,-10.825394
31.558965,2.047195,75.575751,-10.824391
31.704398,2.319396,75.580526,-10.823387
31.849831,2.343496,75.585301,-10.822384
31.995264,2.417141,75.590075,-10.82138
32.140697,2.299606,75.59485,-10.820376
32.28613,2.496222,75.599625,-10.819372
32.431563,2.483363,75.6044,-10.818369
32.576996,2.456302,75.609174,-10.817365
32.722429,2.472409,75.613949,-10.816361
32.867862,2.937699,75.618724,-10.815357
33.013295,3.343472,75.623498,-10.814352
33.158728,3.058453,75.628273,-10.813348
33.304161,2.819771,75.633047,-10.812344
33.449594,2.862094,75.637822,-10.81134
33.595027,2.762159,75.642596,-10.810335
33.74046,2.88634,75.647371,-10.809331
33.885893,3.122268,75.652145,-10.808326
34.031326,2.988469,75.656919,-10.807321
34.176759,2.843009,75.661694,-10.806317
34.322192,2.529862,75.666468,-10.805312
34.467625,2.635114,75.671242,-10.804307
34.613058,2.255026,75.676016,-10.803302
34.758491,2.841593,75.680791,-10.802297
34.903924,2.204393,75.685565,-10.801292
35.049357,2.400513,75.690339,-10.800287
35.19479,2.628106,75.695113,-10.799281
35.340223,2.651922,75.699887,-10.798276
35.485656,2.691632,75.704661,-10.797271
35.631089,2.533568,75.709435,-10.796265
35.776522,2.975269,75.714209,-10.79526
35.921955,2.721721,75.718983,-10.794254
36.067388,2.856268,75.723757,-10.793248
36.212821,2.672259,75.728531,-10.792242
36.358254,2.82391,75.733305,-10.791237
36.503687,2.857863,75.738078,-10.790231
36.64912,3.147548,75.742852,-10.789225
36.794553,3.421267,75.747626,-10.788219
36.939986,3.372225,75.7524,-10.787213
37.085419,2.911544,75.757173,-10.786206
37.230852,3.138354,75.761947,-10.7852
37.376285,3.245562,75.766721,-10.784194
37.521718,2.860083,75.771494,-10.783187
37.667151,3.270946,75.776268,-10.782181
37.812584,3.065571,75.781041,-10.781174
37.958017,3.264603,75.785815,-10.780168
38.10345,4.141828,75.790588,-10.779161
38.248883,4.511477,75.795362,-10.778154
38.394316,3.807611,75.800135,-10.777147
38.539749,3.495593,75.804908,-10.77614
38.685182,3.568859,75.809682,-10.775133
38.830615,3.152606,75.814455,-10.774126
38.976048,3.802216,75.819228,-10.773119
39.121481,3.685441,75.824002,-10.772112
39.266914,4.284284,75.828775,-10.771105
39.412347,4.427557,75.833548,-10.770097
39.55778,4.569327,75.838321,-10.76909
39.703213,4.0439,75.843094,-10.768082
39.848646,3.607864,75.847867,-10.767075
39.994079,3.21801,75.85264,-10.766067
40.139512,3.946785,75.857413,-10.765059
40.284945,4.355764,75.862186,-10.764051
40.430379,3.840921,75.866959,-10.763044
40.575812,5.287782,75.871732,-10.762036
40.721245,4.073114,75.876505,-10.761028
40.866678,3.772728,75.881278,-10.760019
41.012111,3.728273,75.886051,-10.759011
41.157544,2.987714,75.890824,-10.758003
41.302977,2.859435,75.895596,-10.756995
41.44841,3.137162,75.900369,-10.755986
41.593843,3.592562,75.905142,-10.754978
41.739276,4.238534,75.909914,-10.753969
41.884709,4.309689,75.914687,-10.752961
42.030142,4.24572,75.91946,-10.751952
42.175575,3.964722,75.924232,-10.750943
42.321008,3.675838,75.929005,-10.749934
42.466441,3.042064,75.933777,-10.748925
42.611874,3.384853,75.938549,-10.747916
42.757307,3.642719,75.943322,-10.746907
42.90274,3.594862,75.948094,-10.745898
43.048173,3.619172,75.952867,-10.744889
43.193606,4.068578,75.957639,-10.74388
43.339039,3.953299,75.962412,-10.742871
43.484472,3.522234,75.967184,-10.741861
43.629905,2.927846,75.971956,-10.740852
43.775338,3.53421,75.976728,-10.739842
43.920771,3.863498,75.9815,-10.738832
44.066204,4.201451,75.986273,-10.737823
44.211637,4.039943,75.991045,-10.736813
44.35707,4.049261,75.995817,-10.735803
44.502503,3.796297,76.000589,-10.734793
44.647936,4.234074,76.005361,-10.733783
44.793369,3.947572,76.010133,-10.732773
44.938802,4.015426,76.014905,-10.731763
45.084235,3.893029,76.019677,-10.730752
45.229668,2.734566,76.024449,-10.729742
45.375101,2.672458,76.029221,-10.728732
45.520534,3.093654,76.033992,-10.727722
45.665967,3.6218,76.038764,-10.726711
45.8114,3.002847,76.043536,-10.725701
45.956833,3.044559,76.048308,-10.72469
46.102266,3.354653,76.053079,-10.723679
46.247699,3.84753,76.057851,-10.722668
46.393132,4.193023,76.062623,-10.721658
46.538565,3.714236,76.067394,-10.720647
46.683998,3.822895,76.072166,-10.719636
46.829431,3.288443,76.076937,-10.718624
46.974864,4.022784,76.081709,-10.717612
47.120297,4.019096,76.08648,-10.716602
47.26573,3.41108,76.091252,-10.715591
47.411163,3.177613,76.096023,-10.714579
47.556596,3.241778,76.100795,-10.713568
47.702029,3.547048,76.105566,-10.712556
47.847462,3.741495,76.110337,-10.711545
47.992895,4.006343,76.115109,-10.710533
48.138328,3.14063,76.11988,-10.709521
48.283761,2.952637,76.124651,-10.70851
48.429194,4.80018,76.129422,-10.707498
48.574627,5.012032,76.134193,-10.706486
48.72006,4.428794,76.138965,-10.705474
48.865493,3.771933,76.143736,-10.704462
49.010926,3.84803,76.148507,-10.703449
49.156359,3.849679,76.153278,-10.702437
49.301793,4.262084,76.158049,-10.701425
49.447226,4.661273,76.16282,-10.700413
49.592659,4.727327,76.167591,-10.6994
49.738092,5.151201,76.172362,-10.698388
49.883525,5.092918,76.177133,-10.697375
50.028958,4.865054,76.181903,-10.696361
50.174391,4.275439,76.186674,-10.695349
50.319824,4.168723,76.191445,-10.694337
50.465257,4.490248,76.196216,-10.693324
50.61069,4.850555,76.200986,-10.692311
50.756123,4.867633,76.205757,-10.691298
50.901556,5.025067,76.210528,-10.690285
51.046989,4.306784,76.215298,-10.689271
51.192422,4.157075,76.220069,-10.688258
51.337855,4.79644,76.22484,-10.687245
51.483288,4.609944,76.22961,-10.686231
51.628721,4.14532,76.234381,-10.685218
51.774154,4.829119,76.239151,-10.684204
51.919587,4.682632,76.243921,-10.683191
52.06502,4.441844,76.248692,-10.682177
52.210453,4.345548,76.253462,-10.681163
52.355886,4.659757,76.258233,-10.680149
52.501319,5.208851,76.263003,-10.679136
52.646752,5.477073,76.267773,-10.678122
52.792185,5.122771,76.272543,-10.677108
52.937618,4.011494,76.277314,-10.676093
53.083051,4.206031,76.282084,-10.675079
53.228484,4.766225,76.286854,-10.674065
53.373917,4.734335,76.291624,-10.673051
53.51935,4.528489,76.296394,-10.672036
53.664783,4.558299,76.301164,-10.671022
53.810216,5.127042,76.305934,-10.670007
53.955649,4.946446,76.310704,-10.668992
54.101082,4.907358,76.315474,-10.667978
54.246515,4.823963,76.320244,-10.666963
54.391948,5.045216,76.325014,-10.665948
54.537381,9.102556,76.329784,-10.664933
54.682814,10,76.334554,-10.663918
54.828247,10,76.339323,-10.662902
54.97368,10,76.344093,-10.661888
55.119113,10,76.348863,-10.660873
55.264546,10,76.353633,-10.659857
55.409979,10,76.358402,-10.658842
55.555412,10,76.363172,-10.657827
55.700845,10,76.367941,-10.656811
55.846278,10,76.372711,-10.655796
55.991711,10,76.377481,-10.65478
56.137144,10,76.38225,-10.653764
56.282577,9.999985,76.38702,-10.652748
56.42801,10,76.391789,-10.651733
56.573443,10,76.396558,-10.650717
56.718876,10,76.401328,-10.6497
56.864309,10,76.406097,-10.648685
57.009742,10,76.410866,-10.647668
57.155175,10,76.415636,-10.646652
57.300608,10,76.420405,-10.645636
57.446041,10,76.425174,-10.64462
57.591474,10,76.429943,-10.643603
57.736907,10,76.434713,-10.642587
57.88234,10,76.439482,-10.64157
58.027773,10,76.444251,-10.640553
58.173206,10,76.44902,-10.639536
58.31864,10,76.453789,-10.63852
58.464073,10,76.458558,-10.637503
58.609506,10,76.463327,-10.636486
58.754939,10,76.468096,-10.635469
58.900372,10,76.472865,-10.634451
59.045805,10,76.477634,-10.633435
59.191238,10.070906,76.482402,-10.632417
59.336671,10.413671,76.487171,-10.6314
59.482104,10.852794,76.49194,-10.630383
59.627537,9.759537,76.496709,-10.629365
59.77297,7.61565,76.501477,-10.628348
59.918403,6.879137,76.506246,-10.62733
60.063836,7.085266,76.511015,-10.626313
60.209269,6.969828,76.515783,-10.625295
60.354702,6.705998,76.520552,-10.624277
60.500135,6.729214,76.525321,-10.623259
60.645568,7.38312,76.530089,-10.622241
60.791001,6.036989,76.534858,-10.621223
60.936434,6.469934,76.539626,-10.620205
61.081867,6.933504,76.544394,-10.619187
61.2273,7.248986,76.549163,-10.618169
61.372733,7.639503,76.553931,-10.61715
61.518166,7.537705,76.558699,-10.616131
61.663599,7.726706,76.563468,-10.615114
61.809032,7.567758,76.568236,-10.614095
61.954465,6.548238,76.573004,-10.613076
62.099898,5.559824,76.577773,-10.612058
62.245331,5.501721,76.582541,-10.611039
62.390764,6.040482,76.587309,-10.61002
62.536197,5.029667,76.592077,-10.609
62.68163,3.516112,76.596845,-10.607982
62.827063,3.198502,76.601613,-10.606963
62.972496,3.185513,76.606381,-10.605944
63.117929,3.038189,76.611149,-10.604924
63.263362,3.207973,76.615917,-10.603906
63.408795,2.655637,76.620685,-10.602886
63.554228,2.734101,76.625453,-10.601867
63.699661,2.724597,76.630221,-10.600848
63.845094,2.670086,76.634988,-10.599828
63.990527,2.91533,76.639756,-10.598808
64.13596,3.162436,76.644524,-10.597789
64.281393,3.092194,76.649292,-10.596769
64.426826,3.325416,76.654059,-10.595749
64.572259,3.594222,76.658827,-10.594729
64.717692,3.202857,76.663595,-10.593709
64.863125,3.170398,76.668362,-10.592689
65.008558,3.691997,76.67313,-10.591669
65.153991,3.633014,76.677897,-10.590649
65.299424,3.632723,76.682665,-10.589629
65.444857,3.440233,76.687432,-10.588609
65.59029,3.205307,76.6922,-10.587588
65.735723,2.748812,76.696967,-10.586568
65.881156,2.686066,76.701734,-10.585546
66.026589,2.698215,76.706502,-10.584527
66.172022,2.726193,76.711269,-10.583505
66.317455,1.79306,76.716037,-10.582485
66.462888,2.107793,76.720804,-10.581464
66.608321,2.675814,76.725571,-10.580443
66.753754,2.228699,76.730338,-10.579422
66.899187,2.172769,76.735105,-10.578401
67.04462,2.370843,76.739873,-10.57738
67.190053,2.698564,76.74464,-10.576359
67.335487,2.880591,76.749407,-10.575338
67.48092,3.50996,76.754174,-10.574316
67.626353,3.511093,76.758941,-10.573295
67.771786,3.077008,76.763708,-10.572274
67.917219,3.05266,76.768475,-10.571252
68.062652,2.442287,76.773242,-10.57023
68.208085,2.204003,76.778008,-10.569209
68.353518,2.542101,76.782775,-10.568187
68.498951,2.591595,76.787542,-10.567165
68.644384,2.429732,76.792309,-10.566143
68.789817,2.438388,76.797075,-10.565121
68.93525,2.550812,76.801842,-10.564099
69.080683,2.528718,76.806609,-10.563077
69.226116,2.272956,76.811375,-10.562054
69.371549,2.323325,76.816142,-10.561033
69.516982,2.692981,76.820909,-10.56001
69.662415,2.817695,76.825675,-10.558988
69.807848,2.734795,76.830442,-10.557966
69.953281,2.4054,76.835208,-10.556943
70.098714,2.674987,76.839975,-10.55592
70.244147,2.973485,76.844741,-10.554898
70.38958,3.074629,76.849508,-10.553875
70.535013,3.22763,76.854274,-10.552852
70.680446,2.76571,76.85904,-10.551829
70.825879,2.583966,76.863806,-10.550806
70.971312,2.095062,76.868573,-10.549783
71.116745,2.190101,76.873339,-10.54876
71.262178,2.154424,76.878105,-10.547736
71.407611,2.602927,76.882872,-10.546714
71.553044,2.874848,76.887638,-10.54569
71.698477,2.58222,76.892404,-10.544667
71.84391,2.495205,76.89717,-10.543644
71.989343,2.606922,76.901936,-10.54262
72.134776,2.492184,76.906702,-10.541596
72.280209,2.869805,76.911468,-10.540573
72.425642,2.800138,76.916234,-10.539549
72.571075,2.5401,76.921,-10.538525
72.716508,2.398482,76.925766,-10.537501
72.861941,2.481499,76.930532,-10.536477
73.007374,2.27138,76.935297,-10.535453
73.152807,2.384177,76.940063,-10.534428
73.29824,2.83282,76.944829,-10.533404
73.443673,2.596665,76.949595,-10.532381
73.589106,2.267435,76.95436,-10.531356
73.734539,2.30861,76.959126,-10.530332
73.879972,2.288337,76.963891,-10.529307
74.025405,2.191651,76.968657,-10.528283
74.170838,2.395558,76.973423,-10.527258
74.316271,2.400475,76.978188,-10.526234
74.461704,2.396953,76.982954,-10.525209
74.607137,2.334459,76.987719,-10.524184
74.75257,2.408992,76.992485,-10.523159
74.898003,2.391624,76.99725,-10.522134
75.043436,2.383592,77.002016,-10.521109
75.188869,2.293051,77.006781,-10.520084
75.334302,2.237943,77.011546,-10.519059
75.479735,2.254491,77.016312,-10.518034
75.625168,2.256744,77.021077,-10.517008
75.770601,2.318046,77.025842,-10.515983
75.916034,1.290133,77.030607,-10.514958
76.061467,0.973548,77.035372,-10.513931
76.206901,1.663128,77.040138,-10.512906
76.352334,1.081017,77.044903,-10.511881
76.497767,2.133505,77.049668,-10.510855
76.6432,2.629419,77.054433,-10.509829
76.788633,2.932768,77.059198,-10.508803
76.934066,2.742647,77.063963,-10.507777
77.079499,2.573631,77.068728,-10.506751
77.224932,2.350599,77.073493,-10.505725
77.370365,2.1827,77.078257,-10.504699
77.515798,2.134067,77.083022,-10.503673
77.661231,2.50019,77.087787,-10.502647
77.806664,2.532517,77.092552,-10.50162
77.952097,2.380935,77.097317,-10.500594
78.09753,2.384439,77.102081,-10.499567
78.242963,2.306888,77.106846,-10.498541
78.388396,1.807511,77.111611,-10.497514
78.533829,2.051783,77.116375,-10.496487
78.679262,1.706447,77.12114,-10.49546
78.824695,2.336584,77.125904,-10.494433
78.970128,1.998402,77.130669,-10.493407
79.115561,1.369599,77.135433,-10.492379
79.260994,3.341612,77.140198,-10.491352
79.406427,4.001298,77.144962,-10.490324
79.55186,3.514926,77.149727,-10.489297
79.697293,3.396866,77.154491,-10.48827
79.842726,2.740666,77.159255,-10.487243
79.988159,2.820391,77.16402,-10.486216
80.133592,3.010141,77.168784,-10.485188
80.279025,2.601832,77.173548,-10.484161
80.424458,2.384693,77.178312,-10.483132
80.569891,2.940404,77.183077,-10.482105
80.715324,3.495467,77.187841,-10.481077
80.860757,3.317104,77.192605,-10.480049
81.00619,3.235488,77.197369,-10.479022
81.151623,4.0728,77.202133,-10.477994
81.297056,4.437959,77.206897,-10.476966
81.442489,4.44475,77.211661,-10.475938
81.587922,4.498462,77.216425,-10.474908
81.733355,4.96055,77.221189,-10.47388
81.878788,4.33235,77.225953,-10.472853
82.024221,4.19196,77.230717,-10.471824
82.169654,4.031284,77.23548,-10.470796
82.315087,4.044426,77.240244,-10.469767
82.46052,3.579478,77.245008,-10.468738
82.605953,3.566012,77.249772,-10.467709
82.751386,3.440834,77.254535,-10.46668
82.896819,3.690476,77.259299,-10.465652
83.042252,3.397542,77.264063,-10.464623
83.187685,3.366697,77.268826,-10.463594
83.333118,3.673692,77.27359,-10.462565
83.478551,3.315199,77.278354,-10.461536
83.623984,3.020425,77.283117,-10.460507
83.769417,2.96186,77.28788,-10.459477
83.91485,3.552715,77.292644,-10.458447
84.060283,4.044292,77.297407,-10.457419
84.205716,3.908371,77.302171,-10.456389
84.351149,3.75528,77.306934,-10.455359
84.496582,3.94985,77.311697,-10.45433
84.642015,4.0888,77.316461,-10.4533
84.787448,3.897064,77.321224,-10.45227
84.932881,4.109299,77.325987,-10.451241
85.078314,4.12731,77.33075,-10.450211
85.223748,4.29489,77.335514,-10.449181
85.369181,4.725326,77.340277,-10.448151
85.514614,4.272277,77.34504,-10.44712
85.660047,3.474949,77.349803,-10.446089
85.80548,3.822425,77.354566,-10.44506
85.950913,4.618355,77.359329,-10.44403
86.096346,4.885055,77.364092,-10.442998
86.241779,4.785476,77.368855,-10.441969
86.387212,4.052011,77.373618,-10.440938
86.532645,4.483203,77.378381,-10.439907
86.678078,5.10428,77.383143,-10.438876
86.823511,4.554237,77.387906,-10.437846
86.968944,5.78164,77.392669,-10.436815
87.114377,8.788375,77.397432,-10.435784
87.25981,10,77.402194,-10.434752
87.405243,10,77.406957,-10.433722
87.550676,10,77.41172,-10.43269
87.696109,10,77.416483,-10.43166
87.841542,10,77.421245,-10.430629
87.986975,10,77.426008,-10.429597
88.132408,10,77.43077,-10.428566
88.277841,10,77.435533,-10.427534
88.423274,10,77.440295,-10.426503
88.568707,10,77.445058,-10.42547
88.71414,10,77.44982,-10.42444
88.859573,10,77.454583,-10.423408
89.005006,10,77.459345,-10.422375
89.150439,10,77.464107,-10.421344
89.295872,10,77.468869,-10.420311
89.441305,10,77.473632,-10.41928
89.586738,10,77.478394,-10.418248
89.732171,10,77.483156,-10.417216
89.877604,10,77.487918,-10.416183
90.023037,10,77.49268,-10.415151
90.16847,10,77.497443,-10.414119
90.313903,10,77.502205,-10.413086
90.459336,10,77.506967,-10.412054
90.604769,10,77.511729,-10.411021
90.750202,9.660632,77.516491,-10.409988
90.895635,10.346647,77.521253,-10.408956
91.041068,9.173347,77.526014,-10.407923
91.186501,8.357037,77.530776,-10.40689
91.331934,7.572325,77.535538,-10.405857
91.477367,7.252336,77.5403,-10.404824
91.6228,7.150313,77.545062,-10.403791
91.768233,7.064233,77.549824,-10.402758
91.913666,7.242403,77.554585,-10.401725
92.059099,8.354428,77.559347,-10.400691
92.204532,6.948375,77.564109,-10.399658
92.349965,6.388958,77.56887,-10.398624
92.495398,6.883725,77.573632,-10.397591
92.640831,6.560633,77.578393,-10.396556
92.786264,6.822207,77.583155,-10.395524
92.931697,6.76996,77.587916,-10.39449
93.07713,6.527639,77.592678,-10.393456
93.222563,6.447335,77.597439,-10.392421
93.367996,6.434842,77.602201,-10.391388
93.513429,5.640748,77.606962,-10.390354
93.658862,5.273687,77.611723,-10.389319
93.804295,5.075163,77.616484,-10.388285
93.949728,4.751375,77.621246,-10.387252
94.095161,4.810561,77.626007,-10.386217
94.240595,5.419288,77.630768,-10.385182
94.386028,5.198563,77.63553,-10.384149
94.531461,4.541313,77.640291,-10.383114
94.676894,4.415966,77.645052,-10.38208
94.822327,3.648137,77.649813,-10.381045
94.96776,4.052031,77.654574,-10.38001
95.113193,3.841594,77.659335,-10.378975
95.258626,4.301325,77.664096,-10.37794
95.404059,4.910076,77.668857,-10.376906
95.549492,4.84237,77.673618,-10.375871
95.694925,3.349543,77.678379,-10.374835
95.840358,2.974286,77.68314,-10.373801
95.985791,4.115331,77.6879,-10.372765
96.131224,4.075819,77.692661,-10.371729
96.276657,3.446824,77.697422,-10.370695
96.42209,3.820121,77.702183,-10.369659
96.567523,2.568979,77.706943,-10.368623
96.712956,2.711037,77.711704,-10.367588
96.858389,3.760853,77.716465,-10.366553
97.003822,4.437449,77.721225,-10.365517
97.149255,3.912838,77.725986,-10.36448
97.294688,3.170808,77.730746,-10.363445
97.440121,3.357445,77.735507,-10.36241
97.585554,3.625153,77.740268,-10.361374
97.730987,3.472092,77.745028,-10.360338
97.87642,2.516498,77.749788,-10.359301
98.021853,2.187034,77.754549,-10.358265
98.167286,2.002518,77.759309,-10.357229
98.312719,1.833901,77.76407,-10.356193
98.458152,2.250428,77.76883,-10.355156
98.603585,2.476095,77.77359,-10.35412
98.749018,2.273262,77.77835,-10.353082
98.894451,1.838188,77.783111,-10.352047
99.039884,2.829405,77.787871,-10.35101
99.185317,2.462233,77.792631,-10.349972
99.33075,2.590379,77.797391,-10.348936
99.476183,2.34679,77.802151,-10.347899
99.621616,2.276947,77.806911,-10.346862
99.767049,1.735764,77.811671,-10.345826
99.912482,1.847272,77.816431,-10.344789
100.057915,2.57033,77.821191,-10.343751
100.203348,2.582617,77.825951,-10.342714
100.348781,2.342234,77.830711,-10.341677
100.494214,2.171257,77.835471,-10.340639
100.639647,2.224296,77.840231,-10.339602
100.78508,1.984176,77.84499,-10.338564
100.930513,2.323098,77.84975,-10.337526
101.075946,2.181759,77.85451,-10.336489
101.221379,2.138441,77.85927,-10.335452
101.366812,2.208105,77.864029,-10.334413
101.512245,2.347878,77.868789,-10.333375
101.657678,2.346309,77.873548,-10.332338
101.803111,2.422381,77.878308,-10.331299
101.803111,2.422381,77.878308,-10.331299