Crater ID,position,lon,lat,Clinopyroxene Abundance,FeO Abundance,TerrainHeight,Iron Abundance,Olivine Abundance,Orthopyroxene Abundance,Plagioclase Abundance,TerrainSlope,Titanium Abundance
D_1_8_3,0,-51.53051,11.439401,27.349121,19.150007,-1063.881166,21.282273,6.95997,35.29061,30.4003,9.93215,5.234318
D_1_8_3,0.071586,-51.528545,11.440766,25.899245,19.187468,-1052.234597,21.280506,6.964869,36.784575,30.35131,11.508314,5.235383
D_1_8_3,0.143171,-51.52658,11.442132,28.337459,19.115656,-1037.348942,21.278745,6.957061,34.276092,30.429389,13.112105,5.236449
D_1_8_3,0.214757,-51.524615,11.443497,29.343524,18.970932,-1019.538451,21.276993,6.905362,32.804739,30.946375,13.933908,5.237515
D_1_8_3,0.286342,-51.52265,11.444862,26.977184,18.835295,-1000.803804,21.275251,6.833278,34.522318,31.667219,12.12195,5.238582
D_1_8_3,0.357928,-51.520685,11.446227,24.72583,18.847258,-987.389841,21.273517,6.816341,36.621243,31.836586,8.797261,5.239649
D_1_8_3,0.429513,-51.51872,11.447592,23.941761,18.929743,-978.886749,21.271792,6.921541,37.373478,31.76322,6.854692,5.240717
D_1_8_3,0.501099,-51.516755,11.448958,19.933245,18.892495,-972.347583,21.270075,7.492972,40.050891,32.522893,5.418671,5.241785
D_1_8_3,0.572684,-51.51479,11.450323,21.411425,18.843704,-966.884833,21.268367,8.59904,37.015247,32.974288,4.372613,5.242855
D_1_8_3,0.64427,-51.512825,11.451688,23.710738,18.859908,-961.528149,21.266667,6.803967,37.524963,31.960332,4.439761,5.243924
D_1_8_3,0.715855,-51.51086,11.453053,18.296309,18.904002,-955.141733,21.264976,6.769542,42.62956,32.304589,4.203936,5.244994
D_1_8_3,0.787441,-51.508894,11.454418,22.067065,18.99748,-950.125429,21.263294,6.85241,39.604628,31.475897,2.604564,5.246065
D_1_8_3,0.859026,-51.506929,11.455783,20.882989,18.97174,-949.429904,21.26162,6.859133,40.849202,31.408676,1.653865,5.247136
D_1_8_3,0.930612,-51.504964,11.457148,22.884971,18.842178,-949.347628,21.259955,6.808132,38.388212,31.918685,1.353249,5.248207
D_1_8_3,1.002197,-51.502999,11.458513,16.250153,18.878478,-948.709516,21.258299,6.746903,44.471969,32.530976,1.29124,5.24928
D_1_8_3,1.073783,-51.501034,11.459879,14.920437,18.676758,-950.315041,21.25665,6.651744,44.945259,33.482562,2.966638,5.250352
D_1_8_3,1.145368,-51.499068,11.461244,19.876911,18.511176,-955.325783,21.255011,6.634605,39.834535,33.65395,4.96543,5.251426
D_1_8_3,1.216954,-51.497103,11.462609,22.142544,18.454448,-960.634577,21.25338,6.62654,37.496312,33.734605,5.894666,5.252499
D_1_8_3,1.288539,-51.495138,11.463974,22.593096,18.528373,-964.808981,21.251758,7.568268,36.034199,33.80444,5.318709,5.253574
D_1_8_3,1.360125,-51.493173,11.465339,21.204239,18.718047,-968.87651,21.250145,7.625119,38.108299,33.062346,3.831041,5.254649
D_1_8_3,1.43171,-51.491207,11.466704,22.240729,18.736894,-971.28604,21.248539,7.32364,37.804913,32.630717,2.022399,5.255724
D_1_8_3,1.503296,-51.489242,11.468069,19.133644,18.606478,-972.269462,21.246942,9.265671,37.403062,34.197623,0.72113,5.2568
D_1_8_3,1.574881,-51.487277,11.469434,23.718527,18.802722,-973.707895,21.245355,7.34181,36.592135,32.347528,0.719556,5.257877
D_1_8_3,1.646467,-51.485311,11.470799,21.048221,19.016735,-973.423614,21.243776,6.876965,40.844465,31.230347,1.056907,5.258954
D_1_8_3,1.718052,-51.483346,11.472164,14.806887,19.193757,-974.27029,21.242206,6.897732,47.272697,31.022684,1.423361,5.260032
D_1_8_3,1.789638,-51.481381,11.473529,17.940586,19.236308,-972.300593,21.240645,6.916539,44.308268,30.834608,1.592445,5.26111
D_1_8_3,1.861223,-51.479415,11.474894,17.957681,19.256692,-970.911371,21.239091,6.982841,44.154309,30.90517,1.000606,5.262189
D_1_8_3,1.932809,-51.47745,11.476259,21.658333,19.241612,-971.495112,21.237546,6.973349,40.955382,30.412936,0.535387,5.263268
D_1_8_3,2.004394,-51.475484,11.477623,24.64855,19.206233,-972.024333,21.23601,6.956536,37.960275,30.434638,0.319975,5.264348
D_1_8_3,2.07598,-51.473519,11.478988,23.514342,19.161711,-972.649849,21.234483,6.925366,38.813952,30.746341,0.08817,5.265428
D_1_8_3,2.147565,-51.471553,11.480353,22.418681,19.060961,-972.320562,21.232964,7.093137,39.25384,31.234341,0.723877,5.266509
D_1_8_3,2.219151,-51.469588,11.481718,22.649794,18.886694,-972.057612,21.231453,6.807149,38.614549,31.928509,1.584073,5.267591
D_1_8_3,2.290736,-51.467622,11.483083,25.000689,18.601352,-970.525204,21.229952,6.710402,35.392928,32.895985,1.351849,5.268673
D_1_8_3,2.362322,-51.465657,11.484448,25.974342,18.571676,-968.481718,21.228459,5.00783,37.013417,32.004411,0.741319,5.269755
D_1_8_3,2.433907,-51.463691,11.485813,22.210755,18.448849,-967.645628,21.226973,5.661836,38.987143,33.140266,0.616632,5.270838
D_1_8_3,2.505493,-51.461725,11.487177,29.571117,18.417786,-967.25765,21.225498,6.680704,30.555218,33.192966,1.5295,5.271922
D_1_8_3,2.577078,-51.45976,11.488542,23.543026,18.385443,-970.590668,21.22403,6.650499,36.381175,33.4253,2.65422,5.273006
D_1_8_3,2.648664,-51.457795,11.489908,20.460827,18.649705,-970.662312,21.222572,6.641768,39.953086,32.944321,2.384929,5.274091
D_1_8_3,2.720249,-51.455828,11.491272,21.877651,18.834606,-969.279664,21.221122,5.890164,40.468129,31.764056,1.848085,5.275177
D_1_8_3,2.791835,-51.453863,11.492637,25.578845,18.881682,-968.983391,21.21968,3.885438,39.930886,30.604833,0.943474,5.276262
D_1_8_3,2.86342,-51.451898,11.494002,26.049957,18.929099,-970.212049,21.218247,4.297051,39.125316,30.527676,0.806659,5.277349
D_1_8_3,2.935006,-51.449931,11.495366,23.144909,18.912728,-970.022978,21.216823,5.858247,39.550818,31.446027,0.993893,5.278436
D_1_8_3,3.006591,-51.447966,11.496731,21.446741,18.931002,-972.056681,21.215408,6.810524,39.847973,31.894762,2.501768,5.279524
D_1_8_3,3.078177,-51.446,11.498096,21.216937,18.931453,-977.132566,21.214001,6.793325,40.112189,31.877547,3.493711,5.280611
D_1_8_3,3.149762,-51.444034,11.49946,22.775159,18.842513,-979.510159,21.212602,6.800339,38.427886,31.996616,3.867923,5.2817
D_1_8_3,3.221348,-51.442069,11.500826,23.280476,18.771737,-974.803183,21.211212,6.779919,37.738789,32.200817,7.09906,5.282789
D_1_8_3,3.292933,-51.440103,11.50219,20.381771,18.963098,-963.977648,21.209831,6.832696,41.112495,31.673038,6.785802,5.283879
D_1_8_3,3.364519,-51.438137,11.503554,19.086341,19.02845,-957.947011,21.208459,6.840614,42.479181,31.593866,3.957354,5.284969
D_1_8_3,3.436104,-51.436171,11.504919,20.023925,18.869719,-952.759752,21.207094,6.800781,41.226031,31.949263,2.810514,5.28606
D_1_8_3,3.50769,-51.434205,11.506283,25.290717,18.860446,-950.311582,21.205739,6.152065,36.994769,31.562446,2.366808,5.287151
D_1_8_3,3.579275,-51.432239,11.507648,27.258347,18.717254,-947.783697,21.204392,4.505012,37.090206,31.146437,1.467994,5.288243
D_1_8_3,3.650861,-51.430273,11.509013,25.479222,18.596671,-948.933241,21.203055,6.436211,35.433125,32.651445,1.746977,5.289336
D_1_8_3,3.722446,-51.428307,11.510377,24.101892,18.670286,-948.015762,21.201724,6.393002,36.881868,32.623241,2.874453,5.290429
D_1_8_3,3.794032,-51.426342,11.511743,28.25907,18.772452,-945.619439,21.200404,5.009027,35.484844,31.247061,3.654397,5.291522
D_1_8_3,3.865617,-51.424375,11.513106,26.653487,19.003515,-941.376118,21.199092,5.223967,37.658379,30.464166,5.481384,5.292616
D_1_8_3,3.937203,-51.422409,11.514471,24.083915,18.980893,-931.695596,21.197788,6.124644,38.682038,31.109404,8.871787,5.293711
D_1_8_3,4.008788,-51.420443,11.515836,23.285015,19.1145,-918.4738,21.196493,6.215175,39.788839,30.710971,12.167158,5.294806
D_1_8_3,4.080374,-51.418477,11.5172,21.261033,19.313583,-902.551728,21.195207,5.319501,43.856013,29.563454,13.481008,5.295902
D_1_8_3,4.151959,-51.416511,11.518565,27.489497,19.440928,-886.995911,21.193928,4.319405,40.177453,28.013646,13.534776,5.296998
D_1_8_3,4.223545,-51.414545,11.519929,25.631084,19.388559,-871.349501,21.192659,6.141542,38.91195,29.315423,15.603879,5.298095
D_1_8_3,4.29513,-51.412579,11.521294,29.937582,19.099402,-850.642093,21.191398,4.135194,36.618415,29.308809,17.222703,5.299192
D_1_8_3,4.366716,-51.410613,11.522658,22.1328,19.203797,-826.71815,21.190146,5.265883,42.641273,29.960044,15.099703,5.30029
D_1_8_3,4.438301,-51.408647,11.524022,20.224634,19.25225,-814.86925,21.188903,6.154431,43.24933,30.371607,12.623943,5.301388
D_1_8_3,4.509887,-51.406681,11.525387,20.56637,19.191151,-800.581413,21.187668,6.417263,42.341219,30.675149,12.970273,5.302488
D_1_8_3,4.581472,-51.404715,11.526751,23.86372,19.093405,-786.406869,21.186441,5.10582,40.930387,30.100075,12.794944,5.303587
D_1_8_3,4.653058,-51.402749,11.528116,26.828994,18.898593,-775.967813,21.185224,3.705878,39.340755,30.124375,12.079734,5.304687
D_1_8_3,4.724643,-51.400782,11.52948,22.923301,18.572327,-763.910124,21.184015,5.979,38.302321,32.795381,14.071721,5.305788
D_1_8_3,4.796229,-51.398816,11.530845,25.213815,18.282429,-748.145598,21.182813,4.518152,37.142986,33.125047,14.624708,5.306889
D_1_8_3,4.867814,-51.39685,11.532209,29.466459,18.022997,-736.211077,21.181622,3.292352,34.809558,32.431631,11.891806,5.307991
D_1_8_3,4.9394,-51.394884,11.533573,27.761651,17.861312,-732.821765,21.180439,9.654234,31.741935,30.842181,11.886373,5.309093
D_1_8_3,5.010985,-51.392917,11.534938,26.439128,17.90406,-742.511354,21.179263,10.608556,35.865191,27.087123,16.153741,5.310196
D_1_8_3,5.082571,-51.390951,11.536302,26.147004,17.920998,-759.075249,21.178098,10.384834,34.64391,28.824252,18.974743,5.311299
D_1_8_3,5.154156,-51.388985,11.537666,31.343188,17.96516,-777.375664,21.176941,7.197394,33.433364,28.026054,22.161191,5.312403
D_1_8_3,5.225742,-51.387019,11.539031,30.940656,17.839647,-804.158729,21.175792,7.475356,36.337546,25.246443,24.79752,5.313508
D_1_8_3,5.297327,-51.385052,11.540395,31.354267,17.623081,-834.459686,21.174651,8.302741,32.713328,27.629662,23.922482,5.314613
D_1_8_3,5.368913,-51.383086,11.541759,28.317129,17.228733,-858.041291,21.17352,10.340257,27.956343,33.386271,21.483203,5.315718
D_1_8_3,5.440498,-51.381119,11.543124,27.295476,16.721096,-878.648346,21.172397,11.999653,26.223825,34.481047,23.403138,5.316825
D_1_8_3,5.512084,-51.379153,11.544488,25.881263,16.26095,-910.568044,21.171283,11.764024,23.079612,39.275102,27.426921,5.317931
D_1_8_3,5.583669,-51.377187,11.545852,26.866663,15.971653,-944.136399,21.170177,10.627274,23.30177,39.204292,27.397371,5.319038
D_1_8_3,5.655255,-51.37522,11.547216,29.820979,15.857011,-975.254386,21.16908,10.00277,23.942306,36.233945,26.583601,5.320146
D_1_8_3,5.72684,-51.373254,11.548581,28.907293,15.802454,-1007.728167,21.167992,10.811842,23.882315,36.398549,28.094464,5.321254
D_1_8_3,5.798426,-51.371287,11.549945,26.123161,15.898172,-1045.445278,21.166911,12.265256,24.21555,37.396033,30.368635,5.322363
D_1_8_3,5.870011,-51.369321,11.551309,26.435712,16.179608,-1089.05798,21.165839,12.567163,25.420756,35.576365,29.988298,5.323473
D_1_8_3,5.941597,-51.367354,11.552673,27.06642,16.186654,-1121.996202,21.164777,12.535746,24.186448,36.211387,29.787377,5.324583
D_1_8_3,6.013182,-51.365388,11.554037,24.661534,16.147714,-1164.242593,21.163723,13.001247,27.34903,34.988191,30.780408,5.325693
D_1_8_3,6.084768,-51.363421,11.555401,23.932426,16.384547,-1205.754348,21.162676,12.166144,25.841717,38.059711,30.6281,5.326804
D_1_8_3,6.156353,-51.361455,11.556766,28.901384,16.643217,-1247.877803,21.16164,11.473109,25.551803,34.073701,29.091616,5.327916
D_1_8_3,6.227939,-51.359488,11.55813,29.001109,16.843736,-1283.407316,21.160612,11.139625,22.902162,36.957102,26.337663,5.329028
D_1_8_3,6.299525,-51.357521,11.559494,32.803998,16.977943,-1314.915376,21.159592,8.261992,25.585805,33.348203,25.505271,5.330141
D_1_8_3,6.37111,-51.355555,11.560858,32.054881,17.038117,-1348.690075,21.158581,8.407949,25.261474,34.275695,25.922625,5.331254
D_1_8_3,6.442696,-51.353589,11.562223,30.353351,17.056853,-1382.695153,21.157578,8.796435,26.882349,33.967863,26.057165,5.332367
D_1_8_3,6.514281,-51.351621,11.563586,27.621617,17.091875,-1415.715092,21.156583,9.667375,24.859328,37.851681,25.268331,5.333482
D_1_8_3,6.585867,-51.349655,11.56495,28.359117,17.017391,-1447.109769,21.155599,7.920641,24.843283,38.87696,22.827101,5.334597
D_1_8_3,6.657452,-51.347688,11.566314,24.471228,16.94244,-1474.921632,21.154622,6.322989,29.83525,39.370533,20.167217,5.335712
D_1_8_3,6.729038,-51.345721,11.567678,21.119159,16.88262,-1499.76048,21.153654,7.333833,30.956237,40.590771,19.249327,5.336828
D_1_8_3,6.800623,-51.343755,11.569042,23.317745,16.891877,-1524.742054,21.152695,8.241805,27.673996,40.766453,18.748122,5.337945
D_1_8_3,6.872209,-51.341788,11.570406,26.137581,16.96662,-1546.537443,21.151743,6.313127,28.205264,39.34403,18.445798,5.339062
D_1_8_3,6.943794,-51.339821,11.57177,26.538186,17.196871,-1569.30674,21.150801,6.189628,29.033601,38.238584,19.473294,5.340179
D_1_8_3,7.01538,-51.337854,11.573134,28.799114,17.435731,-1595.556487,21.149867,6.3466,28.021208,36.83308,20.71323,5.341297
D_1_8_3,7.086965,-51.335887,11.574498,28.183663,17.706667,-1623.702436,21.148943,6.352757,29.616755,35.846827,20.880662,5.342416
D_1_8_3,7.158551,-51.333921,11.575862,25.869281,17.816446,-1650.164647,21.148026,5.948341,32.637816,35.544564,19.34114,5.343535
D_1_8_3,7.230136,-51.331954,11.577226,27.888393,17.805058,-1673.147104,21.147118,4.269001,33.264062,34.578546,16.770445,5.344655
D_1_8_3,7.301722,-51.329987,11.57859,31.168507,17.979455,-1691.955997,21.146218,5.054438,30.581971,33.195083,16.291153,5.345776
D_1_8_3,7.373307,-51.32802,11.579954,32.749897,18.055843,-1714.257289,21.145328,6.367351,29.03028,31.852471,18.905247,5.346896
D_1_8_3,7.444893,-51.326053,11.581318,34.494179,17.892927,-1743.804021,21.144446,6.840295,27.812715,30.852814,19.739589,5.348018
D_1_8_3,7.516478,-51.324087,11.582682,38.786233,17.500372,-1769.427233,21.143572,7.27762,24.882224,29.053925,13.6562,5.34914
D_1_8_3,7.588064,-51.32212,11.584046,39.486162,17.361949,-1778.901768,21.142707,7.38895,24.089049,29.035839,4.22928,5.350262
D_1_8_3,7.659649,-51.320153,11.58541,31.642457,18.030683,-1774.916626,21.141851,7.653012,32.597461,28.107069,2.007743,5.351386
D_1_8_3,7.731235,-51.318185,11.586773,26.735375,18.568121,-1778.125803,21.141004,7.091026,37.545172,28.628429,4.374752,5.352509
D_1_8_3,7.80282,-51.316218,11.588137,31.648881,18.753145,-1785.14983,21.140164,5.396267,33.691357,29.263496,5.934729,5.353633
D_1_8_3,7.874406,-51.314251,11.589501,32.788495,18.646819,-1792.061206,21.139335,4.108282,32.731112,30.372112,7.142062,5.354758
D_1_8_3,7.945991,-51.312284,11.590865,30.780715,18.45366,-1802.556654,21.138513,4.530266,32.707269,31.98175,9.704923,5.355883
D_1_8_3,8.017577,-51.310317,11.592229,25.997362,18.239747,-1816.104926,21.137699,4.885103,35.655356,33.462179,11.01781,5.357009
D_1_8_3,8.089162,-51.30835,11.593592,19.96973,18.249644,-1828.444899,21.136895,6.004181,39.667636,34.358451,11.233405,5.358135
D_1_8_3,8.160748,-51.306383,11.594956,17.966157,18.335174,-1842.519161,21.136099,6.556291,41.152694,34.324858,12.605322,5.359262
D_1_8_3,8.232333,-51.304416,11.59632,20.070394,18.539153,-1858.962292,21.135311,6.630283,40.094079,33.205247,12.753339,5.36039
D_1_8_3,8.303919,-51.302449,11.597684,19.477273,18.764427,-1873.63276,21.134532,6.684026,41.343381,32.495322,12.027777,5.361518
D_1_8_3,8.375504,-51.300481,11.599047,16.837565,18.986644,-1888.444153,21.133762,6.798414,44.398558,31.965464,11.2126,5.362646
D_1_8_3,8.44709,-51.298514,11.600411,17.071599,19.130089,-1902.134823,21.133001,6.522389,45.033526,31.372486,6.030899,5.363775
D_1_8_3,8.518675,-51.296547,11.601775,23.659505,19.045093,-1903.649446,21.132247,5.039933,40.902332,30.398232,2.801678,5.364905
D_1_8_3,8.590261,-51.29458,11.603139,22.789322,18.944402,-1893.4039,21.131503,5.619869,40.470505,31.120306,9.398185,5.366035
D_1_8_3,8.661846,-51.292613,11.604503,28.195399,18.6038,-1878.399348,21.130768,3.86386,36.503132,31.437612,14.089849,5.367166
D_1_8_3,8.733432,-51.290645,11.605866,32.369312,18.221444,-1858.493819,21.13004,1.855801,33.946448,31.82844,19.840675,5.368297
D_1_8_3,8.805017,-51.288678,11.60723,29.324716,18.036036,-1826.084853,21.129322,4.612345,31.98356,34.07938,21.716772,5.369429
D_1_8_3,8.876603,-51.286711,11.608593,28.02391,17.959734,-1804.532212,21.128612,4.254961,33.428326,34.292803,20.054235,5.370561
D_1_8_3,8.948188,-51.284743,11.609957,33.339164,17.795681,-1775.463596,21.12791,3.568929,28.990176,34.101734,18.521789,5.371694
D_1_8_3,9.019774,-51.282776,11.61132,31.723205,17.901481,-1756.258411,21.127218,3.253944,31.271266,33.751584,16.125793,5.372828
D_1_8_3,9.091359,-51.280809,11.612684,32.883765,18.018504,-1736.369065,21.126534,2.589095,31.726995,32.800143,13.963095,5.373962
D_1_8_3,9.162945,-51.278841,11.614048,34.610073,17.903136,-1720.250185,21.125858,1.761047,31.510011,32.118868,9.348293,5.375096
D_1_8_3,9.23453,-51.276874,11.615411,30.056943,17.859886,-1719.589138,21.125191,5.777182,34.470079,29.695796,7.964556,5.376231
D_1_8_3,9.306116,-51.274907,11.616775,26.165226,17.974428,-1724.9535,21.124533,8.128592,34.328337,31.377845,10.732052,5.377367
D_1_8_3,9.377701,-51.272939,11.618138,23.515408,17.923874,-1735.317801,21.123883,8.850734,33.437507,34.196351,12.474742,5.378503
D_1_8_3,9.449287,-51.270972,11.619502,28.836171,17.726203,-1745.616788,21.123241,6.694171,31.411367,33.05829,13.259122,5.37964
D_1_8_3,9.520872,-51.269004,11.620865,33.910953,17.363359,-1759.462333,21.12261,6.84053,27.584089,31.664429,13.650872,5.380777
D_1_8_3,9.592458,-51.267037,11.622229,33.311814,17.024133,-1773.199496,21.121985,6.845105,27.875196,31.967887,14.311065,5.381915
D_1_8_3,9.664043,-51.265069,11.623592,34.985258,16.746738,-1792.392679,21.12137,8.464879,24.271352,32.27851,17.397629,5.383054
D_1_8_3,9.735629,-51.263102,11.624956,38.119424,16.441513,-1817.00207,21.120764,7.061136,25.430801,29.388643,21.43651,5.384192
D_1_8_3,9.807214,-51.261134,11.626319,35.87023,16.48752,-1849.009009,21.120165,8.37181,19.922358,35.835603,24.073282,5.385332
D_1_8_3,9.8788,-51.259166,11.627683,35.281731,16.786343,-1883.132974,21.119576,7.244374,19.992353,37.481542,24.934136,5.386472
D_1_8_3,9.950385,-51.257199,11.629046,32.624585,16.776298,-1917.905095,21.118995,7.590157,19.777141,40.008116,25.007757,5.387613
D_1_8_3,10.021971,-51.255231,11.63041,34.95834,16.815445,-1950.776995,21.118423,5.839534,20.197202,39.004923,24.685646,5.388754
D_1_8_3,10.093556,-51.253264,11.631773,35.784349,16.928131,-1982.523572,21.117859,3.525053,23.233143,37.457456,23.809921,5.389895
D_1_8_3,10.165142,-51.251296,11.633136,33.458013,17.026025,-2012.302487,21.116743,3.513593,25.772522,37.25587,22.773683,5.391037
D_1_8_3,10.236727,-51.249328,11.6345,31.55494,17.173085,-2041.724081,21.113321,6.196644,24.214856,38.033559,22.424961,5.39218
D_1_8_3,10.308313,-51.247361,11.635863,32.55148,17.344791,-2070.829355,21.109902,6.354628,23.89647,37.197423,22.695775,5.393324
D_1_8_3,10.379898,-51.245393,11.637227,29.916173,17.373094,-2099.343217,21.106485,8.640622,23.235418,38.207786,21.383568,5.394468
D_1_8_3,10.451484,-51.243425,11.63859,33.746889,17.5998,-2123.038758,21.103069,9.126124,19.817958,37.30903,19.372532,5.395612
D_1_8_3,10.523069,-51.241457,11.639953,37.830337,17.689977,-2146.613225,21.099655,10.913305,13.861262,37.395095,19.71649,5.396757
D_1_8_3,10.594655,-51.23949,11.641317,42.231173,17.605284,-2173.786873,21.096244,9.283274,11.872673,36.612879,17.625093,5.397902
D_1_8_3,10.66624,-51.237522,11.64268,46.876911,17.680183,-2193.693036,21.092834,7.529794,10.465805,35.127488,13.049644,5.399048
D_1_8_3,10.737826,-51.235554,11.644043,40.074575,18.077362,-2209.711015,21.089428,11.496867,12.862472,35.566087,8.699667,5.400195
D_1_8_3,10.809411,-51.233586,11.645406,32.266884,18.270734,-2216.779749,21.086023,15.802669,14.601093,37.329353,5.020042,5.401342
D_1_8_3,10.880997,-51.231618,11.64677,30.50661,18.297517,-2221.030373,21.08262,15.426038,16.83248,37.234871,3.484088,5.40249
D_1_8_3,10.952582,-51.229651,11.648133,32.631365,18.250617,-2224.271439,21.07922,12.950991,18.335286,36.08236,2.405764,5.403638
D_1_8_3,11.024168,-51.227683,11.649496,32.762432,18.239045,-2226.835838,21.075822,12.784203,18.374381,36.078986,2.518763,5.404787
D_1_8_3,11.095753,-51.225715,11.650859,29.186498,18.273601,-2231.068234,21.072425,12.742663,21.784155,36.286685,2.721564,5.405936
D_1_8_3,11.167339,-51.223747,11.652223,28.920359,18.282739,-2234.094301,21.069031,12.741102,22.044049,36.294492,1.550831,5.407086
D_1_8_3,11.238924,-51.221779,11.653586,29.828814,18.217391,-2231.343431,21.065639,12.700483,20.973118,36.497585,2.435357,5.408236
D_1_8_3,11.31051,-51.219811,11.654949,29.467809,18.483799,-2228.023883,21.062249,12.865804,21.995405,35.670985,0.247314,5.409387
D_1_8_3,11.382095,-51.217843,11.656312,28.932241,18.664636,-2231.317528,21.058861,14.889933,20.410142,35.767683,3.834553,5.410539
D_1_8_3,11.453681,-51.215875,11.657675,21.497717,18.693719,-2237.696316,21.055476,17.509888,23.689891,37.302505,3.72827,5.411691
D_1_8_3,11.525266,-51.213907,11.659038,23.839578,18.783274,-2239.918116,21.052093,16.033405,24.059936,36.067081,1.583189,5.412844
D_1_8_3,11.596852,-51.211939,11.660402,18.618925,18.798159,-2240.544376,21.048711,17.71356,26.38979,37.277725,1.537341,5.413997
D_1_8_3,11.668437,-51.209971,11.661765,17.354272,18.72422,-2242.503711,21.045331,19.038039,25.420025,38.187662,2.067019,5.415151
D_1_8_3,11.740023,-51.208003,11.663128,19.464201,18.523647,-2244.116636,21.041955,18.069083,24.067747,38.398967,1.903772,5.416305
D_1_8_3,11.811608,-51.206035,11.664491,17.127005,18.402383,-2247.201191,21.03858,18.294381,25.310457,39.268156,4.072332,5.41746
D_1_8_3,11.883194,-51.204067,11.665854,19.745462,18.346796,-2252.874389,21.035207,17.894142,23.36179,38.998604,3.500543,5.418615
D_1_8_3,11.954779,-51.202099,11.667217,23.595341,18.197483,-2253.514938,21.031836,15.399299,22.727028,38.278333,2.129496,5.419771
D_1_8_3,12.026365,-51.20013,11.66858,19.877683,18.108747,-2254.930714,21.028467,18.124812,21.821551,40.175955,2.280526,5.420927
D_1_8_3,12.09795,-51.198163,11.669944,18.741018,18.186407,-2258.294521,21.025102,18.357017,22.718479,40.183489,1.949042,5.422084
D_1_8_3,12.169536,-51.196194,11.671306,25.869973,18.214917,-2258.391463,21.021738,16.915784,18.585625,38.628619,1.793244,5.423242
D_1_8_3,12.241121,-51.194226,11.672669,21.197939,18.090631,-2262.89322,21.018375,18.963178,19.452277,40.386608,2.202989,5.4244
D_1_8_3,12.312707,-51.192258,11.674032,23.744653,18.070426,-2265.667128,21.015015,17.935439,18.466805,39.853102,1.78912,5.425559
D_1_8_3,12.384292,-51.190289,11.675395,25.291823,18.20424,-2267.61852,21.011657,17.367222,18.367103,38.97385,2.189976,5.426718
D_1_8_3,12.455878,-51.188321,11.676758,26.807274,18.031071,-2271.026439,21.008301,15.90974,18.353145,38.929838,3.688145,5.427877
D_1_8_3,12.527464,-51.186353,11.678121,24.441814,18.008757,-2276.062608,21.004948,16.233162,20.473123,38.8519,4.573043,5.429038
D_1_8_3,12.599049,-51.184385,11.679484,22.936431,18.22566,-2280.082946,21.001597,16.622291,22.517794,37.923484,3.643606,5.430198
D_1_8_3,12.670635,-51.182416,11.680847,20.918845,18.250899,-2280.505716,20.998247,17.070141,24.350608,37.660407,2.391734,5.43136
D_1_8_3,12.74222,-51.180448,11.68221,27.286922,18.055794,-2280.761737,20.994901,13.150112,23.40613,36.156835,0.945744,5.432522
D_1_8_3,12.813806,-51.178479,11.683573,29.969834,17.908146,-2282.177152,20.991556,12.930295,20.369442,36.730431,1.736795,5.433684
D_1_8_3,12.885391,-51.176511,11.684936,25.800638,18.49118,-2285.334744,20.988214,13.11486,25.316117,35.768387,2.212181,5.434847
D_1_8_3,12.956977,-51.174543,11.686299,26.338838,19.173898,-2287.734123,20.984873,13.256076,27.346319,33.058772,1.647432,5.436011
D_1_8_3,13.028562,-51.172574,11.687661,23.794331,19.670349,-2289.92554,20.981533,13.597965,31.430145,31.177562,1.438862,5.437175
D_1_8_3,13.100148,-51.170606,11.689024,31.481811,19.76371,-2291.054385,20.978198,9.793901,30.128102,28.596189,2.092258,5.43834
D_1_8_3,13.171733,-51.168637,11.690387,25.223283,19.63709,-2293.828274,20.974864,13.49833,30.037838,31.240549,2.842772,5.439505
D_1_8_3,13.243319,-51.166669,11.69175,28.427582,19.716354,-2298.051386,20.971531,13.457136,27.418561,30.69672,2.405524,5.440671
D_1_8_3,13.314904,-51.1647,11.693113,29.777448,19.672412,-2300.222986,20.968201,13.356784,26.175315,30.690452,1.473981,5.441837
D_1_8_3,13.38649,-51.162732,11.694476,27.451919,19.529082,-2301.731352,20.964873,14.026161,26.824598,31.697322,1.226841,5.443004
D_1_8_3,13.458075,-51.160763,11.695838,27.262717,19.355135,-2303.225186,20.961548,13.303872,27.314945,32.118469,1.441224,5.444171
D_1_8_3,13.529661,-51.158795,11.697201,34.120051,19.237669,-2304.841304,20.958224,11.996378,22.272703,31.610868,2.729379,5.445339
D_1_8_3,13.601246,-51.156826,11.698564,36.210145,18.828987,-2308.337325,20.954903,12.952167,18.250105,32.587584,4.738764,5.446507
D_1_8_3,13.672832,-51.154858,11.699927,34.539133,18.184589,-2311.746555,20.951583,17.276667,13.985163,34.199038,5.792763,5.447676
D_1_8_3,13.744417,-51.152889,11.701289,31.236422,18.236474,-2313.098861,20.948266,18.433823,13.03916,37.290594,5.072131,5.448846
D_1_8_3,13.816003,-51.15092,11.702652,35.070183,18.750477,-2311.181648,20.94495,14.211577,16.201015,34.517225,3.228747,5.450016
D_1_8_3,13.887588,-51.148952,11.704015,35.064614,19.55266,-2309.531657,20.941638,12.59877,21.928199,30.408416,1.630863,5.451187
D_1_8_3,13.959174,-51.146983,11.705377,33.301471,19.633388,-2313.042435,20.938327,13.317883,22.838479,30.542166,0.990339,5.452358
D_1_8_3,14.030759,-51.145014,11.70674,25.40221,20.020589,-2311.924905,20.935019,13.979038,30.661232,29.95752,1.249017,5.45353
D_1_8_3,14.102345,-51.143046,11.708103,23.590648,20.221204,-2314.274616,20.931712,17.104201,28.71335,30.591804,1.535895,5.454702
D_1_8_3,14.17393,-51.141077,11.709465,25.461291,20.072039,-2316.33225,20.928408,14.66015,29.883086,29.995475,0.996914,5.455875
D_1_8_3,14.245516,-51.139108,11.710828,26.451398,19.977882,-2316.461282,20.925106,13.636641,30.122525,29.789437,0.592538,5.457048
D_1_8_3,14.317101,-51.137139,11.712191,25.976449,19.797139,-2315.88077,20.921806,15.075819,27.706292,31.24144,0.446946,5.458222
D_1_8_3,14.388687,-51.135171,11.713553,25.128264,19.421988,-2315.823121,20.918508,15.005839,26.96033,32.905568,0.341475,5.459397
D_1_8_3,14.460272,-51.133202,11.714916,21.073946,19.071335,-2316.265122,20.915212,14.981668,29.28059,34.663798,1.046121,5.460572
D_1_8_3,14.531858,-51.131233,11.716278,18.604142,18.897794,-2316.25865,20.911918,15.095653,30.622379,35.677824,1.11868,5.461747
D_1_8_3,14.603443,-51.129264,11.717641,23.370693,18.898116,-2316.390303,20.908627,13.685937,28.284362,34.659005,0.647442,5.462924
D_1_8_3,14.675029,-51.127295,11.719004,22.89443,18.976875,-2316.795833,20.905337,16.555071,25.027157,35.523344,1.107806,5.4641
D_1_8_3,14.746614,-51.125326,11.720366,18.517589,19.148035,-2319.953317,20.902051,19.871301,24.970184,36.640927,1.778487,5.465277
D_1_8_3,14.8182,-51.123357,11.721729,29.534333,19.176045,-2322.446773,20.898766,15.880878,20.778785,33.806005,0.977046,5.466455
D_1_8_3,14.889785,-51.121389,11.723091,34.888313,19.025556,-2321.234248,20.895483,13.522834,18.467449,33.121408,0.984597,5.467634
D_1_8_3,14.961371,-51.11942,11.724454,29.29488,18.984598,-2319.87698,20.892201,11.079471,26.909621,32.716028,0.990204,5.468812
D_1_8_3,15.032956,-51.117451,11.725816,32.786713,18.88943,-2320.888814,20.888924,8.137428,27.623471,31.452388,1.482199,5.469992
D_1_8_3,15.104542,-51.115482,11.727179,38.838742,18.628391,-2322.654646,20.885647,9.605406,19.014676,32.541174,0.541709,5.471172
D_1_8_3,15.176127,-51.113513,11.728541,34.134657,18.741947,-2321.97836,20.882373,12.421812,19.748041,33.695488,0.365957,5.472352
D_1_8_3,15.247713,-51.111544,11.729904,30.349255,18.728976,-2321.432199,20.8791,12.660229,22.698228,34.292287,1.114886,5.473533
D_1_8_3,15.319298,-51.109575,11.731266,36.663758,18.662108,-2324.152505,20.875831,11.227205,18.674238,33.434801,1.593692,5.474715
D_1_8_3,15.390884,-51.107606,11.732628,32.203741,18.815151,-2325.242752,20.872563,12.851486,21.113286,33.831489,0.6018,5.475897
D_1_8_3,15.462469,-51.105637,11.733991,29.74626,18.986912,-2323.948888,20.869296,13.278559,23.367976,33.607204,1.654364,5.47708
D_1_8_3,15.534055,-51.103667,11.735353,24.644842,18.90614,-2325.320234,20.866032,13.145091,27.935522,34.274545,1.671742,5.478263
D_1_8_3,15.60564,-51.101698,11.736716,26.367107,18.657107,-2326.187972,20.862771,12.999395,25.630473,35.003027,1.943147,5.479447
D_1_8_3,15.677226,-51.099729,11.738078,27.653934,18.3906,-2330.30432,20.859512,12.793062,23.583282,35.969725,1.591282,5.480631
D_1_8_3,15.748811,-51.09776,11.73944,28.605687,18.251113,-2330.985344,20.856255,11.66842,23.769922,35.955973,0.816089,5.481816
D_1_8_3,15.820397,-51.095791,11.740803,32.042639,18.264397,-2330.667691,20.852999,10.193981,22.708055,35.055326,0.605208,5.483002
D_1_8_3,15.891982,-51.093822,11.742165,31.562337,18.46472,-2330.97261,20.849746,9.710887,24.538995,34.187783,0.123536,5.484188
D_1_8_3,15.963568,-51.091852,11.743527,28.457108,18.633216,-2329.701859,20.846496,11.905175,24.946641,34.691076,0.734153,5.485374
D_1_8_3,16.035153,-51.089883,11.74489,30.656022,18.737517,-2328.218061,20.843247,13.087146,21.751581,34.50525,0.226494,5.486561
D_1_8_3,16.106739,-51.087914,11.746252,34.528345,18.770883,-2329.201593,20.84,11.808533,20.164206,33.498915,0.736145,5.487749
D_1_8_3,16.178324,-51.085945,11.747614,32.516339,18.917307,-2330.37407,20.836755,12.070341,22.218028,33.195291,0.89952,5.488937
D_1_8_3,16.24991,-51.083975,11.748976,21.277129,19.11783,-2331.417086,20.833514,19.265418,23.137207,36.320247,0.705959,5.490126
D_1_8_3,16.321495,-51.082006,11.750339,18.630084,19.189057,-2332.222536,20.830379,19.719337,25.222117,36.428463,0.826747,5.491315
D_1_8_3,16.393081,-51.080037,11.751701,23.30913,19.131536,-2333.757259,20.829694,16.422941,25.362827,34.905105,0.454037,5.492505
D_1_8_3,16.464666,-51.078068,11.753064,25.900789,19.02159,-2333.434312,20.829021,15.917436,23.233878,34.947897,0.541944,5.493695
D_1_8_3,16.536252,-51.076098,11.754425,25.494308,19.220678,-2332.222313,20.828357,14.32587,26.79437,33.385453,0.25724,5.494886
D_1_8_3,16.607837,-51.074129,11.755787,27.489731,19.414042,-2332.978008,20.827706,11.658385,29.56171,31.290175,0.901414,5.496078
D_1_8_3,16.679423,-51.072159,11.75715,23.868586,18.998351,-2335.081537,20.827064,14.075049,27.621826,34.43454,1.366686,5.49727
D_1_8_3,16.751008,-51.07019,11.758512,28.404348,18.875281,-2336.451637,20.826434,14.893338,21.815947,34.886368,0.671186,5.498462
D_1_8_3,16.822594,-51.06822,11.759874,31.058726,18.716895,-2336.282064,20.825813,13.347329,20.990403,34.603544,0.86347,5.499655
D_1_8_3,16.894179,-51.066251,11.761236,27.72091,18.551796,-2333.975399,20.825205,14.076697,22.374806,35.82759,1.176823,5.500849
D_1_8_3,16.965765,-51.064281,11.762598,27.348797,18.503297,-2333.200808,20.824606,14.703182,21.607022,36.340999,0.861439,5.502043
D_1_8_3,17.03735,-51.062312,11.76396,23.844046,18.593364,-2334.247461,20.824018,16.837769,22.227335,37.09085,1.068797,5.503238
D_1_8_3,17.108936,-51.060342,11.765322,27.578287,18.612009,-2335.820086,20.82344,15.353242,20.983241,36.085228,1.562781,5.504433
D_1_8_3,17.180521,-51.058373,11.766684,31.640522,18.646037,-2337.759248,20.822874,15.374341,17.427007,35.558129,1.202789,5.505629
D_1_8_3,17.252107,-51.056403,11.768047,25.268169,18.882615,-2338.392387,20.822318,16.535773,22.530893,35.665167,0.35779,5.506825
D_1_8_3,17.323692,-51.054434,11.769409,22.107348,18.912699,-2338.386538,20.821773,15.941409,26.248232,35.703013,0.582583,5.508022
D_1_8_3,17.395278,-51.052464,11.770771,23.746238,18.996046,-2339.572924,20.821239,15.783983,25.226742,35.243037,1.096249,5.50922
D_1_8_3,17.466863,-51.050494,11.772133,26.589092,19.063359,-2341.161393,20.820716,13.474867,26.410421,33.525622,0.113243,5.510418
D_1_8_3,17.538449,-51.048525,11.773495,22.343249,19.238703,-2339.343222,20.820203,14.622273,29.376191,33.65829,1.799976,5.511616
D_1_8_3,17.610034,-51.046555,11.774857,25.248803,19.336315,-2337.123471,20.8197,18.080926,22.08491,34.585361,1.728411,5.512815
D_1_8_3,17.68162,-51.044585,11.776219,28.438458,19.572802,-2335.522991,20.819208,17.518766,20.992869,33.049904,1.099107,5.514015
D_1_8_3,17.753205,-51.042616,11.777581,25.537589,19.722533,-2334.31149,20.818727,16.628564,25.647963,32.185885,1.170699,5.515215
D_1_8_3,17.824791,-51.040646,11.778943,25.333386,19.475665,-2334.028008,20.818257,15.074238,26.999305,32.593071,1.721032,5.516416
D_1_8_3,17.896376,-51.038676,11.780305,24.994385,19.178441,-2335.047869,20.817798,14.913419,26.269251,33.822946,2.03675,5.517618
D_1_8_3,17.967962,-51.036706,11.781667,27.126679,19.108129,-2337.516165,20.81735,13.584363,26.013008,33.275953,2.266182,5.518819
D_1_8_3,18.039547,-51.034737,11.783028,24.022469,19.21476,-2340.558638,20.816911,13.622114,29.18175,33.173668,1.892367,5.520022
D_1_8_3,18.111133,-51.032767,11.78439,25.976901,18.376625,-2341.493361,20.816484,13.754146,23.693452,36.575501,1.129796,5.521225
D_1_8_3,18.182718,-51.030797,11.785752,26.310311,17.919541,-2340.137973,20.816066,13.56765,21.687262,38.434778,1.501633,5.522428
D_1_8_3,18.254304,-51.028827,11.787114,25.191001,18.711408,-2337.077081,20.81566,14.238799,25.006974,35.563226,1.025914,5.523632
D_1_8_3,18.325889,-51.026857,11.788476,25.498595,18.962282,-2337.585577,20.815265,14.470817,25.445842,34.584746,1.564563,5.524837
D_1_8_3,18.397475,-51.024887,11.789838,26.390427,18.868512,-2338.728099,20.814881,13.175457,26.091641,34.342478,1.337845,5.526042
D_1_8_3,18.46906,-51.022918,11.7912,37.277085,18.701598,-2339.3444,20.814507,8.574567,21.979113,32.169235,0.708677,5.527248
D_1_8_3,18.540646,-51.020948,11.792561,31.638719,18.882539,-2337.684807,20.814144,11.44623,23.733451,33.181598,0.572116,5.528454
D_1_8_3,18.612231,-51.018978,11.793923,30.905434,19.057635,-2340.536741,20.813792,10.477357,26.626235,31.990975,1.809131,5.529661
D_1_8_3,18.683817,-51.017008,11.795285,29.876927,19.127062,-2343.134273,20.813449,12.473179,25.018164,32.631731,0.05686,5.530868
D_1_8_3,18.755403,-51.015038,11.796647,27.203981,19.106398,-2341.684118,20.813118,13.345446,26.171784,33.27879,1.510625,5.532076
D_1_8_3,18.826988,-51.013068,11.798009,30.906687,18.880862,-2339.806756,20.812799,13.242714,22.064171,33.786428,0.586131,5.533284
D_1_8_3,18.898574,-51.011098,11.79937,27.998894,18.966635,-2340.33693,20.812489,14.373095,23.425751,34.202262,0.887534,5.534493
D_1_8_3,18.970159,-51.009128,11.800733,25.954529,19.193437,-2341.954967,20.812189,16.822064,22.701519,34.52189,0.435243,5.535703
D_1_8_3,19.041745,-51.007158,11.802094,26.415377,19.273504,-2340.891177,20.811901,16.852284,22.554967,34.177374,1.367972,5.536913
D_1_8_3,19.11333,-51.005188,11.803456,25.611422,19.248149,-2338.467909,20.811623,16.884951,23.129817,34.373811,1.05794,5.538124
D_1_8_3,19.184916,-51.003217,11.804817,23.577452,19.203727,-2338.287735,20.811357,19.132839,21.743341,35.546368,1.182091,5.538998
D_1_8_3,19.256501,-51.001247,11.806179,21.779486,19.104866,-2336.081735,20.811101,18.587222,23.710408,35.922885,1.003608,5.539583
D_1_8_3,19.328087,-50.999278,11.807541,23.397176,19.202535,-2335.655883,20.810855,18.950867,22.085309,35.566649,0.919645,5.538704
D_1_8_3,19.399672,-50.997307,11.808902,22.001442,19.217771,-2337.860355,20.81062,18.982683,23.383743,35.632132,2.280603,5.537411
D_1_8_3,19.471258,-50.995337,11.810264,28.304557,19.006332,-2340.6967,20.810396,16.320519,20.538623,34.836303,1.844038,5.536119
D_1_8_3,19.542843,-50.993367,11.811626,30.332235,19.148639,-2342.340671,20.810182,15.374649,20.663642,33.629475,0.797885,5.534826
D_1_8_3,19.614429,-50.991396,11.812987,27.902069,19.322865,-2343.134611,20.809979,15.570428,23.300909,33.226596,0.483247,5.533533
D_1_8_3,19.686014,-50.989426,11.814349,23.182361,19.242443,-2342.853068,20.809787,17.103973,25.033666,34.680002,1.771661,5.532239
D_1_8_3,19.7576,-50.987456,11.81571,22.002227,19.274486,-2343.364176,20.809606,16.950187,26.347851,34.699735,2.343126,5.530945
D_1_8_3,19.829185,-50.985486,11.817072,22.374686,19.105833,-2343.542761,20.809436,17.238695,25.055972,35.330647,1.511718,5.529651
D_1_8_3,19.900771,-50.983515,11.818434,27.875531,18.821833,-2343.082569,20.809275,15.184931,21.807571,35.131966,0.65549,5.528357
D_1_8_3,19.972356,-50.981545,11.819795,25.142031,18.944125,-2341.656545,20.809126,14.570949,25.582846,34.704174,1.181862,5.527062
D_1_8_3,20.043942,-50.979575,11.821157,23.820556,19.067935,-2341.327724,20.808988,17.11138,23.646392,35.421673,1.330278,5.525767
D_1_8_3,20.115527,-50.977604,11.822518,20.392271,18.966791,-2340.74893,20.80886,18.829704,23.960971,36.817056,0.759133,5.524472
D_1_8_3,20.187113,-50.975634,11.82388,20.552106,18.729604,-2339.813508,20.808744,18.141907,23.880461,37.425528,0.199457,5.523177
D_1_8_3,20.258698,-50.973664,11.825241,25.817401,18.446371,-2340.770072,20.808637,18.523599,17.404331,38.25467,0.915993,5.521881
D_1_8_3,20.330284,-50.971693,11.826603,23.349577,18.791209,-2339.087114,20.808541,18.745813,20.645846,37.258764,1.539215,5.520585
D_1_8_3,20.401869,-50.969723,11.827964,22.574376,19.058013,-2337.519133,20.808456,18.951622,22.197023,36.276981,1.408035,5.519289
D_1_8_3,20.473455,-50.967752,11.829326,24.952892,19.092001,-2337.93229,20.808381,17.855706,21.739709,35.451695,1.030508,5.517992
D_1_8_3,20.54504,-50.965782,11.830687,32.640284,18.988492,-2339.580559,20.808318,15.01275,18.294326,34.052641,0.828345,5.516695
D_1_8_3,20.616626,-50.963811,11.832049,26.840598,18.789512,-2339.938622,20.808264,16.866476,20.112176,36.180752,0.5059,5.515398
D_1_8_3,20.688211,-50.961841,11.83341,23.253191,18.544947,-2338.905311,20.808223,19.472311,18.677988,38.596511,0.096721,5.514101
D_1_8_3,20.759797,-50.95987,11.834771,23.015193,18.575485,-2339.587867,20.808191,18.596393,20.37639,38.012025,0.767253,5.512803
D_1_8_3,20.831382,-50.9579,11.836133,22.012934,18.595751,-2340.642654,20.80817,18.581427,21.365418,38.040222,0.483011,5.511505
D_1_8_3,20.902968,-50.955929,11.837494,20.246882,18.415941,-2340.548609,20.80816,18.570618,22.271819,38.910681,0.786594,5.510207
D_1_8_3,20.974553,-50.953959,11.838855,23.12992,18.289024,-2341.118719,20.80816,18.39737,19.382436,39.090272,1.620028,5.508908
D_1_8_3,21.046139,-50.951988,11.840217,22.163871,18.289889,-2343.415697,20.808171,20.157592,17.588143,40.090392,1.624662,5.507609
D_1_8_3,21.117724,-50.950018,11.841578,21.72063,18.326689,-2344.344568,20.808194,18.778547,20.204465,39.296356,0.613666,5.50631
D_1_8_3,21.18931,-50.948047,11.842939,24.176449,18.218377,-2344.347912,20.808226,18.303743,18.047415,39.472393,0.620528,5.505011
D_1_8_3,21.260895,-50.946076,11.844301,26.225231,18.358334,-2343.557137,20.808269,17.109883,18.572192,38.092694,1.071308,5.503711
D_1_8_3,21.332481,-50.944106,11.845662,27.069989,18.313022,-2341.54668,20.808323,18.379027,15.866918,38.684066,1.818163,5.502411
D_1_8_3,21.404066,-50.942135,11.847023,28.720486,17.992979,-2337.944056,20.808388,18.282727,13.054103,39.942684,2.415621,5.501111
D_1_8_3,21.475652,-50.940164,11.848385,25.617755,17.999123,-2334.785831,20.808464,18.69143,15.320134,40.370681,1.974811,5.499811
D_1_8_3,21.547237,-50.938193,11.849746,21.963767,18.11861,-2333.277236,20.808551,18.822276,18.985464,40.228492,1.263777,5.49851
D_1_8_3,21.618823,-50.936223,11.851108,23.103996,18.079613,-2332.387209,20.808648,18.968052,17.636934,40.291018,1.88584,5.497209
D_1_8_3,21.690408,-50.934252,11.852468,22.555065,17.894455,-2329.384386,20.808754,20.29937,15.524099,41.621469,2.905846,5.495907
D_1_8_3,21.761994,-50.932281,11.85383,26.633864,17.551866,-2325.513145,20.808873,20.561153,9.859772,42.945211,2.295167,5.494606
D_1_8_3,21.833579,-50.93031,11.855191,24.252646,17.093801,-2325.284932,20.809002,19.196308,12.277786,44.27326,2.737492,5.493304
D_1_8_3,21.905165,-50.928339,11.856552,21.020661,16.95562,-2327.629946,20.809141,20.941175,11.999458,46.038706,4.528804,5.492001
D_1_8_3,21.97675,-50.926368,11.857913,26.731407,17.546384,-2329.488334,20.809292,18.390172,12.798699,42.079718,6.302012,5.490699
D_1_8_3,22.048336,-50.924398,11.859274,21.812473,17.61359,-2331.8542,20.809452,18.314642,17.671172,42.201713,8.620429,5.489396
D_1_8_3,22.119921,-50.922427,11.860635,18.086757,17.809031,-2334.070895,20.809624,17.827005,22.648326,41.437912,10.899194,5.488093
D_1_8_3,22.191507,-50.920456,11.861997,21.773553,17.847021,-2334.940577,20.809807,18.469131,18.490261,41.267054,12.359955,5.48679
D_1_8_3,22.263092,-50.918485,11.863358,24.376957,17.616304,-2331.275179,20.809999,18.560816,15.01585,42.046376,13.364764,5.485486
D_1_8_3,22.334678,-50.916514,11.86472,20.383078,16.986302,-2322.748699,20.810203,19.554534,14.649206,45.413182,12.829645,5.484182
D_1_8_3,22.406263,-50.914543,11.86608,22.736143,16.547742,-2312.615355,20.810417,19.745703,10.48967,47.028484,8.735353,5.482878
D_1_8_3,22.477849,-50.912572,11.867441,24.769229,16.718739,-2308.063519,20.810643,18.684785,10.901042,45.644944,4.991425,5.481573
D_1_8_3,22.549434,-50.910601,11.868802,23.174647,16.93124,-2306.210047,20.810878,18.306596,13.721995,44.796763,4.356471,5.480269
D_1_8_3,22.62102,-50.90863,11.870163,23.295729,17.20186,-2304.780843,20.811126,18.045862,14.991936,43.666472,4.60582,5.478964
D_1_8_3,22.692605,-50.906659,11.871524,15.789784,17.4865,-2306.971673,20.811383,18.917944,21.801331,43.49094,5.319049,5.477658
D_1_8_3,22.764191,-50.904688,11.872885,20.289452,17.666711,-2311.211237,20.81165,17.913739,19.916683,41.880125,5.195718,5.476353
D_1_8_3,22.835776,-50.902717,11.874246,19.321491,17.585802,-2310.196556,20.81193,19.171122,18.679233,42.828153,5.29875,5.475047
D_1_8_3,22.907362,-50.900746,11.875607,18.79497,17.578021,-2308.495935,20.812219,17.99736,20.760165,42.447505,5.926099,5.47374
D_1_8_3,22.978947,-50.898774,11.876968,16.999113,17.746287,-2309.904567,20.812519,17.838398,23.445122,41.717367,6.74774,5.472434
D_1_8_3,23.050533,-50.896803,11.878329,18.452898,17.973714,-2310.591545,20.812829,18.203762,22.436379,40.906963,6.909199,5.471127
D_1_8_3,23.122118,-50.894832,11.87969,17.961157,18.044092,-2311.761662,20.813152,17.037338,24.845409,40.156095,6.642513,5.46982
D_1_8_3,23.193704,-50.892861,11.881051,17.041471,18.061769,-2315.56945,20.813483,16.692119,26.188233,40.078178,6.821431,5.468513
D_1_8_3,23.265289,-50.89089,11.882412,20.019715,18.013404,-2319.998005,20.813826,16.440318,23.702523,39.837446,6.398555,5.467205
D_1_8_3,23.336875,-50.888918,11.883773,20.943455,17.9388,-2322.863386,20.81418,17.568125,20.965606,40.522815,5.261558,5.465897
D_1_8_3,23.40846,-50.886947,11.885134,22.981585,17.740513,-2324.487843,20.814544,17.140183,18.929348,40.948885,4.221027,5.464589
D_1_8_3,23.480046,-50.884976,11.886495,23.742136,17.380839,-2325.378192,20.814919,17.126035,16.847082,42.284745,3.818522,5.463281
D_1_8_3,23.551631,-50.883005,11.887856,21.566983,17.400813,-2327.757125,20.815305,15.307625,21.395556,41.729835,3.721749,5.461972
D_1_8_3,23.623217,-50.881033,11.889216,19.662758,17.520621,-2328.800781,20.815701,18.237127,19.455023,42.64509,3.966769,5.460663
D_1_8_3,23.694802,-50.879062,11.890577,28.176807,17.577417,-2328.314261,20.816108,13.88518,17.93093,40.007081,4.146272,5.459354
D_1_8_3,23.766388,-50.877091,11.891938,26.43077,17.596292,-2330.033296,20.816526,14.38699,18.920515,40.261723,3.961717,5.458044
D_1_8_3,23.837973,-50.87512,11.8933,21.858215,17.82567,-2333.131128,20.816955,17.196025,20.128546,40.817213,3.25734,5.456734
D_1_8_3,23.909559,-50.873148,11.89466,24.306897,17.786874,-2336.02544,20.817394,17.905337,16.786491,41.001277,2.664724,5.455424
D_1_8_3,23.981144,-50.871176,11.89602,22.468962,17.729065,-2338.804358,20.817844,17.38044,19.015402,41.135196,2.527913,5.454114
D_1_8_3,24.05273,-50.869205,11.897381,20.253876,17.945533,-2341.431474,20.818305,17.791421,21.259438,40.695264,1.346144,5.452803
D_1_8_3,24.124315,-50.867234,11.898742,22.087603,17.991323,-2341.639343,20.818776,17.700345,19.96598,40.246073,0.52661,5.451492
D_1_8_3,24.195901,-50.865262,11.900103,19.820644,18.114991,-2341.951527,20.819258,18.492238,21.400197,40.286921,1.528314,5.450181
D_1_8_3,24.267486,-50.863291,11.901463,19.015065,18.214761,-2344.58953,20.81975,18.913775,21.853279,40.217879,2.044893,5.448869
D_1_8_3,24.339072,-50.861319,11.902824,27.317039,17.892325,-2345.342441,20.820254,14.675466,19.010922,38.996574,1.520507,5.447557
D_1_8_3,24.410657,-50.859348,11.904185,24.29159,17.854732,-2342.722585,20.820767,16.062187,19.654368,39.991855,1.158446,5.446245
D_1_8_3,24.482243,-50.857376,11.905546,32.420833,17.820243,-2342.201785,20.821292,12.947103,16.541884,38.090179,0.670204,5.444933
D_1_8_3,24.553828,-50.855404,11.906906,23.709804,17.634154,-2344.557837,20.821828,15.77318,19.666214,40.850802,1.07801,5.44362
D_1_8_3,24.625414,-50.853433,11.908267,27.396496,17.746442,-2345.292461,20.822374,15.323018,17.422437,39.858048,0.526885,5.442307
D_1_8_3,24.696999,-50.851461,11.909628,25.476363,17.968676,-2342.801583,20.82293,15.302902,20.179856,39.04088,1.139961,5.440994
D_1_8_3,24.768585,-50.84949,11.910988,24.65375,18.127328,-2342.527195,20.823498,15.967793,20.700305,38.67815,0.857517,5.439681
D_1_8_3,24.84017,-50.847518,11.912349,24.666139,18.395533,-2344.718033,20.824076,15.264752,22.935499,37.133607,0.857706,5.438367
D_1_8_3,24.911756,-50.845546,11.913709,21.826374,18.709121,-2344.778008,20.824665,15.921788,25.816971,36.434867,0.602659,5.437053
D_1_8_3,24.983342,-50.843575,11.91507,21.756211,18.704155,-2343.324142,20.825265,17.334437,23.786674,37.122678,0.446814,5.435738
D_1_8_3,25.054927,-50.841603,11.916431,21.744618,18.702578,-2342.913888,20.825875,17.009325,24.321667,36.92439,0.79493,5.434424
D_1_8_3,25.126513,-50.839631,11.917791,25.417579,18.332133,-2344.946486,20.826496,15.939864,20.929116,37.71344,0.905405,5.433109
D_1_8_3,25.198098,-50.837659,11.919152,27.344766,18.023409,-2345.975497,20.827128,16.371837,17.238249,39.045148,0.228997,5.431794
D_1_8_3,25.269684,-50.835688,11.920512,23.740256,18.296493,-2345.014059,20.82777,18.152292,19.157118,38.950335,0.61114,5.430478
D_1_8_3,25.341269,-50.833716,11.921873,22.118009,18.568871,-2344.091395,20.828423,18.448795,21.301983,38.131212,0.897329,5.429162
D_1_8_3,25.412855,-50.831744,11.923233,22.181879,18.59542,-2342.797987,20.829087,20.256676,18.719305,38.842139,0.225433,5.427846
D_1_8_3,25.48444,-50.829772,11.924594,18.28801,18.764783,-2343.526867,20.829762,21.017196,22.020863,38.67393,0.527686,5.42653
D_1_8_3,25.556026,-50.8278,11.925954,20.890675,18.81209,-2344.373355,20.830447,19.883303,21.415892,37.810131,0.320568,5.425213
D_1_8_3,25.627611,-50.825829,11.927315,20.472687,18.923516,-2343.822284,20.831143,19.512332,22.791272,37.223709,0.408853,5.423896
D_1_8_3,25.699197,-50.823857,11.928675,19.60612,18.945676,-2343.580709,20.83185,20.251153,22.524639,37.618089,0.481687,5.422579
D_1_8_3,25.770782,-50.821885,11.930036,21.300572,18.90338,-2342.573968,20.832567,17.728493,24.404974,36.565961,0.896475,5.421262
D_1_8_3,25.842368,-50.819913,11.931396,24.456834,18.801931,-2345.555673,20.833295,18.28869,20.27354,36.980937,2.17904,5.419944
D_1_8_3,25.913953,-50.817941,11.932757,22.768672,18.682546,-2348.301896,20.834034,18.647405,20.83837,37.745553,0.914844,5.418626
D_1_8_3,25.985539,-50.815969,11.934117,20.513671,18.825301,-2346.651414,20.834784,19.969388,21.619052,37.897889,1.288347,5.417307
D_1_8_3,26.057124,-50.813997,11.935477,18.259946,18.852044,-2345.267294,20.835544,21.5068,21.645144,38.588109,0.829604,5.415989
D_1_8_3,26.12871,-50.812025,11.936838,26.109806,18.631389,-2345.742787,20.836314,18.538935,17.795933,37.555327,1.627355,5.41467
D_1_8_3,26.200295,-50.810053,11.938198,25.1658,18.842656,-2346.909822,20.837096,18.889397,19.092382,36.852421,2.333509,5.413351
D_1_8_3,26.271881,-50.808081,11.939559,27.250437,19.161731,-2347.306628,20.837887,16.903076,21.309726,34.536763,2.111964,5.412031
D_1_8_3,26.343466,-50.806109,11.94092,23.254277,19.290551,-2347.634559,20.838691,17.17031,25.1146,34.460813,1.377404,5.410712
D_1_8_3,26.415052,-50.804137,11.942279,21.458763,19.234148,-2348.049373,20.839504,17.694224,25.734124,35.112891,0.794431,5.409392
D_1_8_3,26.486637,-50.802165,11.94364,20.304296,19.280167,-2349.040312,20.840329,17.585105,27.07665,35.033952,0.667765,5.408071
D_1_8_3,26.558223,-50.800192,11.945,17.391062,19.21046,-2350.002191,20.841164,18.499528,28.236489,35.872923,0.28461,5.406751
D_1_8_3,26.629808,-50.79822,11.94636,12.456488,18.905537,-2347.765851,20.84201,20.393356,28.630636,38.519522,1.19254,5.40543
D_1_8_3,26.701394,-50.796248,11.94772,27.437771,18.878033,-2345.378975,20.842866,15.472615,21.934703,35.154912,0.84268,5.404109
D_1_8_3,26.772979,-50.794276,11.949081,23.943134,18.93454,-2345.266455,20.843732,17.375061,22.743996,35.93781,0.926296,5.402787
D_1_8_3,26.844565,-50.792304,11.950441,18.877181,18.96199,-2347.078302,20.84461,18.725655,25.384934,37.012231,1.854832,5.401465
D_1_8_3,26.91615,-50.790332,11.951801,18.829718,18.783287,-2347.512339,20.845498,18.668335,24.729729,37.772218,2.221537,5.400143
D_1_8_3,26.987736,-50.788359,11.953161,22.537976,18.600425,-2347.491104,20.846398,18.583304,20.823067,38.055654,1.824818,5.398821
D_1_8_3,27.059321,-50.786387,11.954522,24.298563,18.622211,-2347.770248,20.847308,18.536471,19.474417,37.690548,0.97522,5.397499
D_1_8_3,27.130907,-50.784415,11.955882,23.715471,18.844834,-2347.326395,20.848228,18.660962,20.66158,36.961986,0.1834,5.396176
D_1_8_3,27.202492,-50.782442,11.957242,24.058091,19.089367,-2347.723307,20.84916,18.893583,21.209453,35.838877,0.672812,5.394852
D_1_8_3,27.274078,-50.78047,11.958602,28.451705,19.279214,-2348.60379,20.850102,15.141021,23.146612,33.260665,0.474575,5.393529
D_1_8_3,27.345663,-50.778498,11.959962,21.648786,19.272831,-2348.111389,20.851055,17.859112,25.44988,35.042223,1.252512,5.392205
D_1_8_3,27.417249,-50.776525,11.961322,21.61593,19.296555,-2346.679527,20.852017,19.033871,23.896672,35.453527,1.307632,5.390881
D_1_8_3,27.488834,-50.774553,11.962682,23.758509,19.554319,-2345.686782,20.852991,18.749715,23.47231,34.019466,0.743894,5.389557
D_1_8_3,27.56042,-50.772581,11.964043,23.980823,19.486326,-2345.809146,20.853977,17.618137,24.681675,33.719365,0.121094,5.388233
D_1_8_3,27.632005,-50.770608,11.965403,24.643881,19.349102,-2345.807916,20.854972,17.0446,24.295856,34.015662,0.459615,5.386908
D_1_8_3,27.703591,-50.768636,11.966763,21.100067,19.246895,-2345.550086,20.855978,19.051393,24.31251,35.53603,0.774437,5.385583
D_1_8_3,27.775176,-50.766664,11.968123,18.243596,19.181848,-2344.168846,20.856995,18.77137,27.057633,35.927401,1.128938,5.384257
D_1_8_3,27.846762,-50.764691,11.969483,25.370582,19.15907,-2344.053942,20.858022,15.692186,24.723975,34.213258,1.380507,5.382931
D_1_8_3,27.918347,-50.762718,11.970843,26.62654,19.188539,-2344.946364,20.859061,16.3341,22.77118,34.268179,0.494815,5.381605
D_1_8_3,27.989933,-50.760746,11.972203,17.937889,19.188924,-2344.117463,20.86011,18.724872,27.359201,35.978039,1.034336,5.380279
D_1_8_3,28.061518,-50.758773,11.973563,21.807345,19.327085,-2344.240833,20.861169,18.990923,24.00153,35.200201,1.346742,5.378953
D_1_8_3,28.133104,-50.756801,11.974923,24.208759,19.543206,-2345.334161,20.86224,16.657164,26.029401,33.104676,0.944486,5.377626
D_1_8_3,28.204689,-50.754828,11.976283,20.97743,19.472633,-2345.292429,20.863321,18.517669,26.104505,34.400395,0.69105,5.376299
D_1_8_3,28.276275,-50.752856,11.977643,27.483935,19.404392,-2344.879004,20.864413,15.562392,23.944326,33.009347,1.117112,5.374971
D_1_8_3,28.34786,-50.750883,11.979003,28.036019,19.281667,-2343.764709,20.865765,15.802691,22.587444,33.573848,0.747707,5.373644
D_1_8_3,28.419446,-50.74891,11.980363,31.026143,19.188183,-2344.120252,20.867457,14.1197,21.908307,32.945851,0.342277,5.372316
D_1_8_3,28.491031,-50.746938,11.981723,27.797005,19.130814,-2344.658293,20.869107,16.520573,21.163005,34.519419,0.108758,5.370988
D_1_8_3,28.562617,-50.744965,11.983083,25.400052,19.107043,-2344.000617,20.870714,17.731643,21.661995,35.20631,0.784165,5.369659
D_1_8_3,28.634202,-50.742992,11.984442,26.469715,18.937689,-2342.351531,20.872277,16.044073,22.3136,35.172611,0.549388,5.36833
D_1_8_3,28.705788,-50.74102,11.985802,22.658684,18.876638,-2342.38027,20.873798,17.820906,23.011978,36.508431,1.302464,5.367001
D_1_8_3,28.777373,-50.739047,11.987162,20.078358,19.021454,-2344.743682,20.875275,19.033055,24.440916,36.447673,1.613176,5.365672
D_1_8_3,28.848959,-50.737074,11.988522,18.783547,19.198969,-2344.625697,20.876711,19.00119,26.243173,35.972091,1.379823,5.364342
D_1_8_3,28.920544,-50.735101,11.989882,20.223051,19.32433,-2341.630927,20.878102,16.090359,29.599933,34.086658,1.985929,5.363012
D_1_8_3,28.99213,-50.733129,11.991242,20.845043,19.688194,-2340.341292,20.879451,17.970278,27.71121,33.47347,1.119775,5.361682
D_1_8_3,29.063715,-50.731156,11.992602,28.275916,19.751865,-2341.454843,20.880757,14.483648,26.226277,31.014158,0.688268,5.360352
D_1_8_3,29.135301,-50.729183,11.993961,23.276398,19.753873,-2342.51447,20.88202,16.334071,28.048752,32.340779,0.857451,5.359021
D_1_8_3,29.206886,-50.72721,11.995321,31.227861,19.625561,-2340.827553,20.88324,12.756604,25.405018,30.610517,1.20217,5.35769
D_1_8_3,29.278472,-50.725237,11.996681,25.739705,19.531864,-2338.579506,20.884418,15.610961,25.961484,32.68785,1.37039,5.356359
D_1_8_3,29.350057,-50.723264,11.998041,21.49469,19.343538,-2337.280237,20.885552,17.513718,26.460614,34.530979,0.698193,5.355027
D_1_8_3,29.421643,-50.721291,11.9994,22.034074,19.204286,-2336.772444,20.886643,17.310821,25.680838,34.974269,0.62365,5.353695
D_1_8_3,29.493228,-50.719318,12.00076,27.14084,18.973275,-2335.759624,20.887692,15.894478,22.020128,34.944556,0.517986,5.352363
D_1_8_3,29.564814,-50.717346,12.002121,30.233059,18.921897,-2335.565563,20.888697,14.046266,21.60262,34.118057,0.633908,5.35103
D_1_8_3,29.636399,-50.715372,12.00348,28.174128,19.017909,-2334.87219,20.889659,14.289922,23.583555,33.952397,1.14034,5.349697
D_1_8_3,29.707985,-50.713399,12.004839,29.409414,18.942035,-2333.781113,20.890579,14.16952,22.379557,34.041509,1.161163,5.348364
D_1_8_3,29.77957,-50.711426,12.006199,28.562863,18.657681,-2331.610002,20.891455,15.599213,19.863399,35.974528,0.921446,5.347031
D_1_8_3,29.851156,-50.709453,12.007559,25.561809,18.217547,-2330.644922,20.892289,15.958551,20.120087,38.359554,0.679742,5.345698
D_1_8_3,29.922741,-50.70748,12.008918,25.390782,18.209054,-2329.485022,20.89308,17.845217,17.57481,39.189192,0.680555,5.344364
D_1_8_3,29.994327,-50.705507,12.010278,25.354111,18.357264,-2330.314352,20.893827,17.855295,18.368164,38.42243,0.950635,5.343029
D_1_8_3,30.065912,-50.703534,12.011637,23.788308,18.315179,-2330.143996,20.894532,17.220247,20.358691,38.632753,0.85075,5.341695
D_1_8_3,30.137498,-50.701561,12.012997,30.272843,18.133031,-2330.285028,20.895194,14.013054,18.243508,37.470596,0.764607,5.34036
D_1_8_3,30.209083,-50.699588,12.014357,30.161722,18.480491,-2328.503545,20.895812,13.848092,19.999365,35.99082,2.114608,5.339026
D_1_8_3,30.280669,-50.697615,12.015716,28.823521,18.839003,-2326.007126,20.896388,13.990206,22.50586,34.680413,2.214049,5.33769
D_1_8_3,30.352254,-50.695642,12.017076,29.342291,19.281043,-2323.547833,20.896921,14.240589,23.624559,32.792563,1.626336,5.336354
D_1_8_3,30.42384,-50.693668,12.018435,25.682248,19.41087,-2321.73082,20.897412,14.525193,27.165403,32.627158,1.32135,5.335019
D_1_8_3,30.495425,-50.691695,12.019795,21.20469,19.226018,-2320.549591,20.897858,14.894685,29.892256,34.008371,1.491252,5.333683
D_1_8_3,30.567011,-50.689722,12.021155,24.255189,18.889415,-2318.648075,20.898262,13.239263,28.100817,34.404734,1.3821,5.332346
D_1_8_3,30.638596,-50.687749,12.022514,23.07456,18.901953,-2317.556176,20.898623,13.10729,29.354601,34.463549,0.931758,5.331009
D_1_8_3,30.710182,-50.685775,12.023873,26.143641,18.979671,-2316.331132,20.898941,13.21379,26.711519,33.931051,1.290482,5.329672
D_1_8_3,30.781767,-50.683802,12.025233,23.683238,18.762145,-2313.602788,20.899217,13,28.31676,34.999999,0.818692,5.328335
D_1_8_3,30.853353,-50.681829,12.026592,24.090711,18.748957,-2314.095287,20.899449,13.000903,27.9129,34.995482,0.736549,5.326998
D_1_8_3,30.924938,-50.679855,12.027952,28.613842,18.704189,-2315.665819,20.899638,13.067842,23.657521,34.660794,0.574045,5.32566
D_1_8_3,30.996524,-50.677882,12.029311,28.669962,18.728851,-2315.369275,20.899784,11.329167,26.258768,33.742105,0.310009,5.324321
D_1_8_3,31.068109,-50.675909,12.030671,31.772574,18.933019,-2314.740228,20.899888,9.594306,26.651927,31.981193,1.463517,5.322983
D_1_8_3,31.139695,-50.673935,12.03203,33.438059,18.942664,-2311.980872,20.899948,9.122771,25.822479,31.616689,1.867181,5.321645
D_1_8_3,31.211281,-50.671962,12.03339,32.934437,18.779727,-2310.766205,20.899966,9.407342,25.191094,32.467127,0.83935,5.320305
D_1_8_3,31.282866,-50.669988,12.034749,31.582426,18.950581,-2311.673886,20.899941,10.401374,25.690571,32.325629,1.481369,5.318966
D_1_8_3,31.354452,-50.668015,12.036108,34.925855,19.043721,-2309.700357,20.899872,8.723617,25.337357,31.013174,2.68962,5.317627
D_1_8_3,31.426037,-50.666042,12.037468,33.366384,19.055577,-2306.641119,20.899761,9.309554,26.042616,31.281449,2.3258,5.316287
D_1_8_3,31.497623,-50.664068,12.038827,30.717714,18.837909,-2307.213201,20.899607,9.659977,27.096358,32.525953,1.807522,5.314947
D_1_8_3,31.569208,-50.662095,12.040187,31.258064,19.066119,-2307.713605,20.89941,8.345519,29.388353,31.008064,1.45846,5.313607
D_1_8_3,31.640794,-50.660121,12.041546,27.291386,19.477643,-2308.356478,20.899169,9.579915,32.89797,30.230729,1.192512,5.312266
D_1_8_3,31.712379,-50.658148,12.042906,31.939623,19.047664,-2310.31048,20.898886,9.438427,27.123043,31.49891,1.723293,5.310925
D_1_8_3,31.783965,-50.656174,12.044264,31.293077,18.334106,-2305.225034,20.898559,11.21261,22.243633,35.250683,6.484928,5.309584
D_1_8_3,31.85555,-50.6542,12.045624,29.159533,18.547057,-2294.233461,20.89819,12.958399,22.674062,35.208008,6.697429,5.308242
D_1_8_3,31.927136,-50.652227,12.046983,29.102355,18.487923,-2287.296571,20.897779,12.905457,22.519472,35.472719,5.497232,5.3069
D_1_8_3,31.998721,-50.650253,12.048342,31.937863,17.638013,-2280.583991,20.897324,16.457381,14.438048,37.166708,6.565291,5.305558
D_1_8_3,32.070307,-50.648279,12.049701,34.302841,16.892861,-2271.051271,20.896826,20.183387,10.531878,34.981894,7.366666,5.304216
D_1_8_3,32.141892,-50.646306,12.051061,35.907968,16.303633,-2262.120767,20.896286,20.676077,7.58325,35.832706,6.209881,5.302873
D_1_8_3,32.213478,-50.644333,12.05242,31.765771,16.163523,-2255.325619,20.895702,21.912352,9.474798,36.84708,4.255592,5.30153
D_1_8_3,32.285063,-50.642359,12.05378,27.580415,16.019193,-2251.420124,20.895075,24.565854,10.025536,37.828197,0.779715,5.300187
D_1_8_3,32.356649,-50.640385,12.055138,26.07447,15.978093,-2255.854814,20.894405,23.35419,8.784863,41.786477,9.155343,5.298844
D_1_8_3,32.428234,-50.638411,12.056497,21.80675,16.787479,-2275.017757,20.893692,26.247324,13.786205,38.159722,20.416396,5.2975
D_1_8_3,32.49982,-50.636437,12.057856,12.423617,17.066931,-2310.939465,20.892937,29.004668,17.723417,40.848297,28.269306,5.296156
D_1_8_3,32.571405,-50.634464,12.059216,11.939581,16.820737,-2352.06088,20.892138,28.244481,19.747957,40.067981,32.80042,5.294811
D_1_8_3,32.642991,-50.632489,12.060575,15.405609,16.585472,-2398.919431,20.891297,26.935818,19.969494,37.689079,35.094602,5.293467
D_1_8_3,32.714576,-50.630516,12.061934,11.061868,15.690902,-2448.482764,20.890413,26.254599,20.190137,42.493395,34.131121,5.292122
D_1_8_3,32.786162,-50.628542,12.063293,12.025183,14.85201,-2494.079498,20.889485,25.59975,18.304059,44.071006,31.735265,5.290777
D_1_8_3,32.857747,-50.626568,12.064652,9.947515,14.568722,-2536.457275,20.888515,26.005264,16.606632,47.440588,29.619207,5.289431
D_1_8_3,32.929333,-50.624594,12.066011,14.931683,14.308428,-2574.790243,20.887502,22.34266,14.520503,48.205154,27.116621,5.288085
D_1_8_3,33.000918,-50.62262,12.06737,21.933026,13.806785,-2609.292148,20.886445,19.51424,13.345761,45.206973,25.567699,5.286739
D_1_8_3,33.072504,-50.620646,12.068729,23.07447,13.95734,-2644.112651,20.885347,16.94287,15.749093,44.233567,26.461552,5.285393
D_1_8_3,33.144089,-50.618672,12.070088,21.139629,14.375556,-2681.552115,20.884204,16.594308,17.580424,44.685639,28.351975,5.284046
D_1_8_3,33.215675,-50.616698,12.071447,21.023126,14.705024,-2721.482727,20.88302,15.92983,16.14648,46.900565,28.924694,5.2827
D_1_8_3,33.28726,-50.614725,12.072807,19.875754,14.831684,-2758.346186,20.881792,15.186201,16.965718,47.972327,28.375733,5.281353
D_1_8_3,33.358846,-50.61275,12.074165,24.713146,14.914554,-2794.300588,20.88052,13.644729,14.903665,46.738462,27.634755,5.280005
D_1_8_3,33.430431,-50.610776,12.075524,28.334717,15.433954,-2828.86892,20.879207,13.086479,15.51084,43.067964,25.719071,5.278657
D_1_8_3,33.502017,-50.608802,12.076883,25.588174,15.723181,-2859.428491,20.877849,13.350815,16.562214,44.498797,24.071982,5.277309
D_1_8_3,33.573602,-50.606828,12.078242,26.107874,15.539379,-2890.27312,20.876449,16.408879,13.342958,44.140288,23.119244,5.275961
D_1_8_3,33.645188,-50.604854,12.079601,30.133193,15.467001,-2917.138213,20.875007,18.064696,12.197595,39.604517,20.209446,5.274612
D_1_8_3,33.716773,-50.60288,12.08096,29.472757,15.617538,-2932.629169,20.873522,17.695433,11.792048,41.03976,16.546511,5.273263
D_1_8_3,33.788359,-50.600906,12.082319,30.825634,15.772237,-2941.426787,20.871993,18.773608,11.988885,38.411873,13.641294,5.271914
D_1_8_3,33.859944,-50.598932,12.083678,32.562696,15.927792,-2945.323901,20.870421,17.180055,10.018675,40.238575,11.508222,5.270565
D_1_8_3,33.93153,-50.596957,12.085036,33.962339,16.05384,-2946.81555,20.868807,18.100756,9.406739,38.530169,10.39671,5.269215
D_1_8_3,34.003115,-50.594983,12.086395,26.850112,16.089902,-2942.909824,20.867149,20.777006,10.335847,42.037037,10.958344,5.267865
D_1_8_3,34.074701,-50.593009,12.087754,23.23724,16.231057,-2934.712551,20.865449,22.204585,10.069638,44.488535,12.479916,5.266515
D_1_8_3,34.146286,-50.591035,12.089113,27.835516,16.446313,-2923.341429,20.863706,24.451245,8.841353,38.871885,14.714586,5.265164
D_1_8_3,34.217872,-50.589061,12.090473,29.724271,16.579056,-2907.444286,20.861919,25.833485,7.841267,36.600977,17.159878,5.263813
D_1_8_3,34.289457,-50.587086,12.091831,26.478936,16.642079,-2888.046997,20.860091,25.772637,9.132292,38.616136,18.843073,5.262462
D_1_8_3,34.361043,-50.585112,12.093189,26.871384,16.487941,-2866.051982,20.858218,23.766563,7.715832,41.646224,21.192114,5.261111
D_1_8_3,34.432628,-50.583138,12.094548,26.186867,16.188091,-2837.767007,20.856302,21.866821,6.6112,45.335114,23.880539,5.259759
D_1_8_3,34.504214,-50.581163,12.095907,27.410898,16.350244,-2806.801491,20.854344,25.000473,8.427857,39.160772,25.395023,5.258407
D_1_8_3,34.575799,-50.579189,12.097266,19.721869,16.344842,-2774.358876,20.852343,25.633582,9.76482,44.879725,26.359393,5.257055
D_1_8_3,34.647385,-50.577214,12.098624,18.618953,16.087776,-2737.029029,20.850299,26.684837,9.981061,44.715147,26.939093,5.255703
D_1_8_3,34.71897,-50.57524,12.099983,20.373018,16.059487,-2699.636509,20.848212,28.507678,8.755285,42.364018,26.828705,5.25435
D_1_8_3,34.790556,-50.573266,12.101342,20.523794,15.906747,-2663.994668,20.846082,27.334869,8.987746,43.15359,27.282887,5.252997
D_1_8_3,34.862141,-50.571291,12.102701,24.753394,15.924357,-2626.987622,20.84391,22.896105,8.559952,43.790548,28.311094,5.251643
D_1_8_3,34.933727,-50.569317,12.104059,25.694396,16.17871,-2590.383037,20.841694,22.758413,8.722016,42.825174,27.864194,5.250289
D_1_8_3,35.005312,-50.567342,12.105418,26.880311,16.51923,-2556.321192,20.839435,21.739751,9.48432,41.895617,26.993133,5.248936
D_1_8_3,35.076898,-50.565368,12.106777,26.289647,16.415193,-2521.563542,20.837133,23.084637,9.404428,41.221288,27.965061,5.247581
D_1_8_3,35.148483,-50.563393,12.108135,21.792961,15.933689,-2482.969256,20.834789,23.817858,9.051715,45.337465,29.136702,5.246227
D_1_8_3,35.220069,-50.561419,12.109494,23.365163,15.575983,-2442.738305,20.832401,23.935743,10.388466,42.310626,28.875172,5.244872
D_1_8_3,35.291654,-50.559444,12.110852,25.907792,15.24839,-2407.590921,20.82997,23.085483,7.798925,43.207799,29.578576,5.243517
D_1_8_3,35.36324,-50.55747,12.112211,23.735643,15.099257,-2361.475043,20.827497,24.785868,7.972617,43.505871,30.6503,5.242162
D_1_8_3,35.434825,-50.555495,12.11357,17.011581,14.739413,-2321.676049,20.82498,24.394194,9.208212,49.386013,29.829154,5.240806
D_1_8_3,35.506411,-50.55352,12.114928,25.801152,15.326077,-2277.301449,20.822421,23.707288,8.26472,42.22684,26.848962,5.23945
D_1_8_3,35.577996,-50.551546,12.116287,24.152139,16.12847,-2245.032125,20.819819,25.213485,11.77323,38.861144,21.675373,5.238094
D_1_8_3,35.649582,-50.549571,12.117645,22.228028,17.017161,-2221.155715,20.817173,25.643221,15.043859,37.084891,14.668657,5.236737
D_1_8_3,35.721167,-50.547596,12.119004,23.682244,17.473784,-2208.143635,20.814484,24.211347,18.66263,33.443779,6.896306,5.235381
D_1_8_3,35.792753,-50.545622,12.120362,24.3404,17.659625,-2203.774514,20.811753,21.995356,20.103583,33.560662,1.33611,5.234024
D_1_8_3,35.864338,-50.543647,12.121721,23.915131,17.608732,-2211.692802,20.80898,20.699916,20.386528,34.998425,7.811751,5.232666
D_1_8_3,35.935924,-50.541672,12.123079,24.583372,17.540337,-2223.818067,20.806163,19.908046,19.06775,36.440832,10.444571,5.231308
D_1_8_3,36.007509,-50.539698,12.124438,23.130038,17.497702,-2237.129443,20.803302,19.290286,18.586011,38.993665,10.86828,5.229951
D_1_8_3,36.079095,-50.537723,12.125796,23.276846,17.563573,-2251.266803,20.800399,16.978894,20.63232,39.111939,9.786941,5.228592
D_1_8_3,36.15068,-50.535748,12.127155,25.316739,17.731652,-2261.482939,20.797453,13.669973,22.512793,38.500493,7.844434,5.227234
D_1_8_3,36.222266,-50.533773,12.128513,21.873848,17.837433,-2269.708231,20.794465,14.451344,24.468796,39.206012,6.208451,5.225875
D_1_8_3,36.293851,-50.531798,12.129871,13.553298,17.889849,-2276.291292,20.791433,16.72294,28.634928,41.088833,4.639454,5.224516
D_1_8_3,36.365437,-50.529823,12.13123,23.672053,17.88825,-2280.39333,20.788358,12.6389,25.551752,38.137296,3.607299,5.223157
D_1_8_3,36.437022,-50.527849,12.132588,22.174402,18.074014,-2285.004116,20.785241,12.485122,27.766091,37.574384,3.765614,5.221797
D_1_8_3,36.508608,-50.525874,12.133947,23.341648,18.05503,-2289.845781,20.78208,12.468084,26.530691,37.659577,4.374221,5.220437
D_1_8_3,36.580193,-50.523899,12.135305,21.503158,18.066748,-2294.976626,20.778877,12.453298,28.310039,37.733505,4.531901,5.219077
D_1_8_3,36.651779,-50.521924,12.136663,19.945486,18.223051,-2299.98446,20.775629,13.357581,29.075678,37.621257,3.468738,5.217717
D_1_8_3,36.723364,-50.519949,12.138022,21.624734,18.311432,-2303.115678,20.772341,13.516054,27.633793,37.22542,1.055944,5.216356
D_1_8_3,36.79495,-50.517974,12.13938,22.875521,18.292082,-2302.182738,20.769008,12.109932,28.628544,36.386004,1.417419,5.214995
D_1_8_3,36.866535,-50.515999,12.140738,23.86627,18.137344,-2299.302419,20.765633,11.734195,27.578312,36.821222,1.225677,5.213633
D_1_8_3,36.938121,-50.514024,12.142097,25.581025,18.088579,-2299.021916,20.762214,12.182353,25.241916,36.994708,1.457064,5.212272
D_1_8_3,37.009706,-50.512049,12.143455,28.686275,17.886241,-2303.198737,20.758752,12.44057,21.171417,37.701741,2.059786,5.21091
D_1_8_3,37.081292,-50.510074,12.144813,31.708233,17.666732,-2305.670367,20.755248,12.028838,18.294452,37.968478,1.289003,5.209548
D_1_8_3,37.152877,-50.508099,12.146171,35.213513,17.741784,-2307.026599,20.751701,12.884799,15.560604,36.341086,2.101181,5.208185
D_1_8_3,37.224463,-50.506124,12.14753,29.787389,17.959493,-2312.125483,20.748111,12.941388,20.899446,36.371778,4.192302,5.206822
D_1_8_3,37.296048,-50.504148,12.148888,30.991412,17.715809,-2316.73215,20.744478,11.216105,20.589368,37.203115,4.060356,5.205459
D_1_8_3,37.367634,-50.502173,12.150246,31.454191,17.156653,-2317.178342,20.740801,15.450983,13.582539,39.512287,3.364117,5.204096
D_1_8_3,37.43922,-50.500198,12.151604,30.468615,17.657676,-2311.32363,20.737082,12.928141,19.052429,37.550815,3.47339,5.202733
D_1_8_3,37.510805,-50.498223,12.152962,28.439357,18.140376,-2307.43848,20.73332,9.39133,26.738751,35.430563,1.601218,5.201369
D_1_8_3,37.582391,-50.496248,12.15432,24.27657,18.302098,-2305.436687,20.729515,9.223449,31.371242,35.128743,0.410002,5.200005
D_1_8_3,37.653976,-50.494273,12.155679,29.438691,18.259744,-2307.339846,20.725668,7.308452,29.117202,34.135658,1.311876,5.19864
D_1_8_3,37.725562,-50.492297,12.157037,29.291179,18.229944,-2309.494263,20.721776,8.21064,27.725274,34.772909,1.015666,5.197276
D_1_8_3,37.797147,-50.490322,12.158395,24.343509,18.338833,-2311.248729,20.717843,10.122693,30.11995,35.413849,1.506855,5.195911
D_1_8_3,37.868733,-50.488347,12.159754,23.35171,18.379756,-2313.737152,20.713867,10.566844,30.485224,35.596224,1.622389,5.194545
D_1_8_3,37.940318,-50.486371,12.161111,29.953481,18.484608,-2313.767092,20.709847,7.630992,29.039892,33.375637,2.312752,5.19318
D_1_8_3,38.011904,-50.484396,12.162469,25.339233,18.56081,-2309.519967,20.705784,8.967,31.689095,34.004674,3.093399,5.191814
D_1_8_3,38.083489,-50.482421,12.163827,31.684112,18.456022,-2310.268742,20.701679,6.992594,28.348716,32.97458,3.281963,5.190448
D_1_8_3,38.155075,-50.480445,12.165185,28.620829,18.385558,-2314.352318,20.69753,7.228779,30.548451,33.601945,2.767065,5.189082
D_1_8_3,38.22666,-50.47847,12.166543,24.355383,18.571489,-2315.954481,20.693338,10.002374,31.361912,34.280333,1.101865,5.187715
D_1_8_3,38.298246,-50.476495,12.167901,25.245186,18.679878,-2316.649651,20.689104,9.706937,31.437585,33.610293,0.54797,5.186348
D_1_8_3,38.369831,-50.474519,12.169259,30.814828,18.612888,-2316.392398,20.684827,7.314896,29.570806,32.299473,1.248973,5.184981
D_1_8_3,38.441417,-50.472544,12.170617,29.066289,18.700512,-2315.958045,20.680507,7.180341,31.535865,32.217507,1.815056,5.183613
D_1_8_3,38.513002,-50.470568,12.171975,25.90442,18.779021,-2315.962399,20.676143,7.054571,34.979818,32.061192,1.721103,5.182245
D_1_8_3,38.584588,-50.468593,12.173333,27.334544,18.715601,-2315.525938,20.671737,7.603484,32.546322,32.515651,1.31917,5.180877
D_1_8_3,38.656173,-50.466617,12.174691,26.33915,18.6844,-2316.084921,20.667288,8.095943,32.559929,33.004979,1.012311,5.179509
D_1_8_3,38.727759,-50.464642,12.176049,26.327738,18.796944,-2315.947812,20.662795,6.852033,34.893153,31.927076,0.613392,5.17814
D_1_8_3,38.799344,-50.462666,12.177407,26.723941,18.892961,-2315.604721,20.658261,6.609487,35.469378,31.197194,1.002642,5.176771
D_1_8_3,38.87093,-50.460691,12.178765,27.193663,18.881197,-2313.84572,20.653683,6.087167,35.580452,31.138719,2.161903,5.175402
D_1_8_3,38.942515,-50.458715,12.180123,26.635253,18.986596,-2310.32101,20.649062,6.696436,35.529317,31.138994,2.038487,5.174032
D_1_8_3,39.014101,-50.45674,12.181481,26.292211,19.085717,-2309.244496,20.644398,6.920179,35.989399,30.798211,2.167201,5.172662
D_1_8_3,39.085686,-50.454764,12.182839,26.966458,19.212281,-2307.101705,20.639692,7.320838,35.321571,30.391132,2.995705,5.171293
D_1_8_3,39.157272,-50.452788,12.184196,24.712215,19.226457,-2304.518068,20.634942,7.172959,37.726518,30.388309,2.264315,5.169922
D_1_8_3,39.228857,-50.450813,12.185554,27.84315,19.176855,-2304.371881,20.630149,6.98369,35.010056,30.163105,1.20378,5.168551
D_1_8_3,39.300443,-50.448837,12.186912,32.735642,19.100027,-2304.274075,20.625313,6.981124,30.094474,30.18876,2.142144,5.167181
D_1_8_3,39.372028,-50.446861,12.18827,27.826222,19.031965,-2298.67198,20.620435,6.946947,34.28632,30.940512,3.856526,5.165809
D_1_8_3,39.443614,-50.444886,12.189628,28.294193,18.94111,-2292.948991,20.615513,7.028199,33.496059,31.181551,4.492446,5.164438
D_1_8_3,39.515199,-50.44291,12.190985,25.111418,18.84695,-2286.130944,20.610548,8.863479,33.434908,32.590196,4.107677,5.163066
D_1_8_3,39.586785,-50.440934,12.192343,28.620433,18.688187,-2283.17243,20.605541,9.302045,29.209622,32.8679,0.931532,5.161694
D_1_8_3,39.65837,-50.438958,12.193701,32.098612,18.533853,-2284.315621,20.600491,11.334493,23.12852,33.438375,1.606696,5.160322
D_1_8_3,39.729956,-50.436982,12.195059,27.606789,18.550202,-2284.531485,20.595397,11.140143,27.431566,33.821505,3.790118,5.158949
D_1_8_3,39.801541,-50.435007,12.196416,26.817277,18.857349,-2278.54337,20.590261,9.212569,31.499915,32.470237,5.57119,5.157576
D_1_8_3,39.873127,-50.433031,12.197774,27.891951,18.89016,-2271.227037,20.585081,10.154274,29.341617,32.612156,5.559078,5.156203
D_1_8_3,39.944712,-50.431055,12.199132,26.213058,18.835898,-2264.058969,20.579859,10.623224,30.201265,32.962451,3.472442,5.154829
D_1_8_3,40.016298,-50.429079,12.20049,24.811198,18.876791,-2263.945558,20.574594,11.647015,30.716962,32.824822,2.384809,5.153456
D_1_8_3,40.087883,-50.427104,12.201848,31.382606,18.865268,-2261.506041,20.569286,9.035967,28.014328,31.5671,3.168693,5.152082
D_1_8_3,40.159469,-50.425127,12.203205,23.928708,18.695539,-2259.063128,20.563935,13.663363,29.223752,33.184178,3.861834,5.150707
D_1_8_3,40.231054,-50.423151,12.204562,25.657979,18.833209,-2254.749626,20.558541,11.39011,30.582367,32.369541,3.321809,5.149333
D_1_8_3,40.30264,-50.421175,12.20592,27.526645,19.070177,-2251.757905,20.553104,8.651417,32.783515,31.038424,1.636503,5.147958
D_1_8_3,40.374225,-50.419199,12.207278,25.132436,19.263658,-2250.956964,20.547624,7.080996,37.721913,30.064656,1.172093,5.146583
D_1_8_3,40.445811,-50.417223,12.208635,26.633408,19.216321,-2251.067875,20.542101,7.109394,36.139976,30.117223,1.610767,5.145207
D_1_8_3,40.517396,-50.415247,12.209993,30.750312,19.130389,-2249.200412,20.536535,6.982443,32.091674,30.175572,2.320913,5.143832
D_1_8_3,40.588982,-50.413271,12.21135,31.078964,18.97988,-2246.826404,20.530927,7.895019,30.663717,30.3623,2.246084,5.142456
D_1_8_3,40.660567,-50.411295,12.212708,31.574854,18.610887,-2247.242392,20.525275,11.582753,26.999116,29.843278,3.349582,5.141079
D_1_8_3,40.732153,-50.409319,12.214066,28.621736,18.301382,-2245.827943,20.519581,13.953842,26.219291,31.20513,4.227843,5.139703
D_1_8_3,40.803738,-50.407343,12.215423,25.598022,18.578658,-2245.220767,20.513843,10.300595,31.177951,32.923433,4.077631,5.138326
D_1_8_3,40.875324,-50.405367,12.216781,25.941025,18.772687,-2245.207936,20.508061,7.304042,34.339411,32.415521,3.416607,5.136949
D_1_8_3,40.946909,-50.403391,12.218138,27.660521,18.777209,-2242.26964,20.502238,5.594964,35.384402,31.360114,3.037818,5.135571
D_1_8_3,41.018495,-50.401414,12.219496,26.014516,18.73136,-2238.657265,20.496372,6.573009,35.288927,32.123551,3.233298,5.134193
D_1_8_3,41.09008,-50.399438,12.220853,28.036732,18.646549,-2234.419357,20.490463,3.739804,37.096189,31.127273,4.34996,5.132815
D_1_8_3,41.161666,-50.397462,12.222211,30.310962,18.658081,-2227.116072,20.484509,3.403383,35.510677,30.774979,6.892277,5.131437
D_1_8_3,41.233251,-50.395486,12.223568,27.257525,18.675731,-2216.297176,20.478514,5.098058,36.000093,31.644323,8.948207,5.130059
D_1_8_3,41.304837,-50.393509,12.224925,23.481133,18.572084,-2204.817595,20.472477,5.872601,37.989597,32.656669,11.44751,5.12868
D_1_8_3,41.376422,-50.391533,12.226283,25.817015,18.344042,-2188.492847,20.466396,5.894545,34.997997,33.290444,15.301085,5.127301
D_1_8_3,41.448008,-50.389557,12.22764,30.292637,18.098399,-2167.231438,20.460272,6.633278,29.439852,33.634234,17.468008,5.125921
D_1_8_3,41.519593,-50.387581,12.228998,33.088981,17.778393,-2144.298784,20.454105,7.521168,27.682451,31.7074,18.893464,5.124541
D_1_8_3,41.591179,-50.385604,12.230355,32.070765,17.473004,-2118.421715,20.447894,8.674198,25.561133,33.693904,20.66714,5.123161
D_1_8_3,41.662764,-50.383628,12.231712,35.30746,17.49463,-2089.752549,20.441641,7.087233,27.296788,30.308519,20.92385,5.121781
D_1_8_3,41.73435,-50.381652,12.23307,35.524055,17.27887,-2064.261377,20.435346,7.761948,29.212839,27.501155,21.058943,5.120401
D_1_8_3,41.805935,-50.379675,12.234427,40.475701,16.780384,-2036.687801,20.429007,3.580234,23.353132,32.590933,22.383361,5.11902
D_1_8_3,41.877521,-50.377699,12.235784,35.578488,16.991268,-2004.793977,20.422625,6.606569,26.654723,31.16022,21.690654,5.117639
D_1_8_3,41.949106,-50.375722,12.237142,40.606645,16.902834,-1977.476267,20.4162,3.675535,28.840834,26.876986,18.305646,5.116257
D_1_8_3,42.020692,-50.373746,12.238499,43.055167,16.707163,-1959.834258,20.409732,4.329332,27.3405,25.275001,16.529956,5.114876
D_1_8_3,42.092277,-50.371769,12.239856,40.536052,17.041714,-1939.902031,20.403222,6.178121,26.568208,26.717619,13.389712,5.113494
D_1_8_3,42.163863,-50.369793,12.241213,32.986845,17.79671,-1926.431292,20.396668,6.256738,29.978477,30.777941,7.733356,5.112111
D_1_8_3,42.235448,-50.367816,12.242571,27.025734,18.399774,-1919.690642,20.390071,4.865823,35.820078,32.288366,3.869861,5.110729
D_1_8_3,42.307034,-50.36584,12.243928,22.01961,18.606409,-1917.216328,20.383432,5.492999,40.090896,32.396498,2.11125,5.109346
D_1_8_3,42.378619,-50.363863,12.245285,19.770394,18.70017,-1915.720912,20.37675,5.709246,42.087383,32.432978,2.377102,5.107963
D_1_8_3,42.450205,-50.361887,12.246642,25.561353,18.568371,-1913.454035,20.370024,3.946734,38.751801,31.74011,3.853284,5.10658
D_1_8_3,42.52179,-50.35991,12.248,32.102691,18.370752,-1906.994864,20.363256,1.542782,35.549671,30.804856,7.264685,5.105196
D_1_8_3,42.593376,-50.357933,12.249357,33.522463,18.193154,-1895.428583,20.356444,1.493207,33.560802,31.423531,12.208104,5.103812
D_1_8_3,42.664961,-50.355957,12.250714,36.914457,18.185466,-1875.481331,20.350837,0.271286,32.132616,30.681641,17.008771,5.102428
D_1_8_3,42.736547,-50.35398,12.252071,36.506969,18.122289,-1849.280729,20.347938,2.804415,29.004353,31.684266,20.297378,5.101043
D_1_8_3,42.808132,-50.352004,12.253428,33.727191,17.879754,-1821.321796,20.345042,6.460612,26.062234,33.749963,23.065416,5.099659
D_1_8_3,42.879718,-50.350027,12.254785,33.852711,17.742762,-1789.87132,20.342146,6.670964,26.271474,33.204852,25.545964,5.098274
D_1_8_3,42.951303,-50.34805,12.256142,37.395116,17.6235,-1755.392701,20.339254,5.580817,25.910437,31.113631,26.441761,5.096888
D_1_8_3,43.022889,-50.346073,12.257499,35.328407,17.345746,-1721.033607,20.336362,6.781105,27.230702,30.659788,27.018616,5.095503
D_1_8_3,43.094474,-50.344097,12.258857,35.957173,17.156499,-1684.872122,20.333474,7.333777,25.244575,31.464476,28.038766,5.094116
D_1_8_3,43.16606,-50.34212,12.260214,35.398722,16.88929,-1646.143954,20.330587,7.486906,22.067094,35.047279,28.722472,5.09273
D_1_8_3,43.237645,-50.340143,12.261571,36.581193,16.640142,-1606.57795,20.327703,5.646092,22.229686,35.543028,29.041259,5.091344
D_1_8_3,43.309231,-50.338166,12.262928,37.800773,16.647329,-1567.368555,20.32482,3.597167,23.573096,35.028964,28.539028,5.089957
D_1_8_3,43.380816,-50.336189,12.264285,38.943447,16.528077,-1527.909299,20.321939,2.740739,23.057922,35.257891,27.509665,5.08857
D_1_8_3,43.452402,-50.334213,12.265642,40.658284,16.376118,-1490.215621,20.319061,1.576024,22.50536,35.260332,26.842589,5.087183
D_1_8_3,43.523987,-50.332236,12.266999,39.164064,16.171324,-1453.013222,20.316184,4.125636,23.895832,32.81447,27.468506,5.085795
D_1_8_3,43.595573,-50.330259,12.268356,38.463388,16.071039,-1415.516977,20.31331,4.326794,20.307842,36.901978,28.776946,5.084407
D_1_8_3,43.667159,-50.328282,12.269713,33.633608,16.069521,-1376.313479,20.310438,8.67764,21.80931,35.879445,28.797967,5.083019
D_1_8_3,43.738744,-50.326305,12.27107,34.99752,16.24495,-1338.865963,20.307568,9.967366,23.396561,31.638553,26.591889,5.08163
D_1_8_3,43.81033,-50.324328,12.272427,36.030572,17.502247,-1305.508824,20.304699,5.13305,30.224409,28.611972,20.61957,5.080242
D_1_8_3,43.881915,-50.322351,12.273783,29.671392,18.406816,-1285.162393,20.301834,6.876287,35.458429,27.993894,13.334344,5.078852
D_1_8_3,43.953501,-50.320374,12.27514,30.459719,18.371736,-1272.186856,20.29897,7.053088,33.01807,29.469124,12.09212,5.077463
D_1_8_3,44.025086,-50.318397,12.276498,28.972423,18.151995,-1254.348052,20.296108,6.955906,33.630729,30.440943,17.208383,5.076074
D_1_8_3,44.096672,-50.31642,12.277855,32.718314,17.832497,-1228.073378,20.293249,6.997447,30.258707,30.025533,22.472141,5.074684
D_1_8_3,44.168257,-50.314443,12.279211,36.710237,17.590761,-1196.56868,20.290391,6.86417,24.922505,31.503089,25.056215,5.073294
D_1_8_3,44.239843,-50.312466,12.280568,38.267693,17.579396,-1161.35807,20.287534,7.037521,25.07,29.624785,26.522927,5.071903
D_1_8_3,44.311428,-50.310489,12.281925,38.740815,17.570468,-1123.727972,20.284681,7.248865,26.498974,27.511347,27.883759,5.070512
D_1_8_3,44.383014,-50.308512,12.283282,41.073934,17.464703,-1084.500136,20.28183,7.417932,25.687455,25.82068,28.69108,5.069121
D_1_8_3,44.454599,-50.306534,12.284638,38.803543,17.395004,-1046.685405,20.27898,7.116287,25.243043,28.837128,28.853305,5.06773
D_1_8_3,44.526185,-50.304557,12.285995,38.530849,17.392543,-1008.802937,20.276134,6.869288,23.292747,31.307115,28.784725,5.066339
D_1_8_3,44.59777,-50.30258,12.287352,39.852038,17.369917,-970.218481,20.273289,7.230206,25.219815,27.697942,28.719672,5.064947
D_1_8_3,44.669356,-50.300603,12.288709,37.880741,17.410355,-931.370772,20.270446,7.189421,26.824048,28.10579,28.402475,5.063554
D_1_8_3,44.740941,-50.298625,12.290065,37.44939,17.181627,-893.407569,20.267605,7.277929,28.051968,27.220713,28.051199,5.062162
D_1_8_3,44.812527,-50.296648,12.291422,35.510256,17.009569,-855.354113,20.264766,8.410732,28.066136,28.012877,27.741434,5.060769
D_1_8_3,44.884112,-50.294671,12.292779,35.300095,16.989065,-818.192884,20.261929,7.030633,28.220486,29.448786,26.421719,5.059376
D_1_8_3,44.955698,-50.292694,12.294136,34.193146,17.379739,-783.493065,20.259094,5.454052,31.897139,28.455662,22.52654,5.057983
D_1_8_3,45.027283,-50.290716,12.295492,30.120801,18.111795,-757.546351,20.256261,6.874206,33.007719,29.997276,15.133257,5.056589
D_1_8_3,45.098869,-50.288739,12.296849,23.825975,18.479364,-744.173473,20.253431,6.733996,36.70199,32.738043,7.173685,5.055196
D_1_8_3,45.170454,-50.286762,12.298206,22.562762,18.513733,-740.148016,20.250602,6.691778,37.663242,33.082221,3.370506,5.053801
D_1_8_3,45.24204,-50.284784,12.299562,22.302055,18.420746,-739.744332,20.247775,7.179037,36.705426,33.813482,3.939385,5.052407
D_1_8_3,45.313625,-50.282807,12.300919,22.208814,18.212473,-742.224216,20.244951,8.80865,34.504899,34.477636,5.287304,5.051012
D_1_8_3,45.385211,-50.280829,12.302275,23.880589,17.952164,-747.078833,20.242129,9.864996,31.497089,34.757327,6.917651,5.049618
D_1_8_3,45.456796,-50.278852,12.303632,28.268814,17.958045,-754.712029,20.239308,7.747529,30.603945,33.379712,8.22744,5.048222
D_1_8_3,45.528382,-50.276875,12.304989,24.353396,18.01454,-763.954567,20.23649,8.277215,32.555714,34.813676,9.529068,5.046827
D_1_8_3,45.599967,-50.274898,12.306346,22.362226,18.112216,-775.436642,20.233674,8.278424,34.475559,34.883792,12.170905,5.045431
D_1_8_3,45.671553,-50.27292,12.307702,24.931405,18.221917,-790.693001,20.23086,6.966517,35.022291,33.079787,14.628582,5.044035
D_1_8_3,45.743138,-50.270943,12.309059,25.729859,18.234109,-808.536581,20.228048,6.746143,34.985431,32.538571,16.511998,5.042638
D_1_8_3,45.814724,-50.268965,12.310415,26.323628,18.237334,-830.286814,20.225238,6.65855,33.603323,33.414501,17.089292,5.041242
D_1_8_3,45.886309,-50.266987,12.311771,23.424532,18.250738,-848.969706,20.222431,6.605437,36.024401,33.945632,14.648868,5.039845
D_1_8_3,45.957895,-50.265009,12.313128,22.922656,18.267578,-859.665839,20.219625,6.588224,36.371356,34.117765,11.708777,5.038447
D_1_8_3,46.02948,-50.263032,12.314484,25.93067,18.17487,-867.502477,20.216821,5.390338,34.918053,33.76094,10.141094,5.03705
D_1_8_3,46.101066,-50.261054,12.315841,23.117424,18.089003,-875.020422,20.214019,6.520095,35.563434,34.799046,8.759421,5.035652
D_1_8_3,46.172651,-50.259077,12.317197,31.159988,17.822581,-878.863863,20.21122,6.529734,27.607619,34.702658,7.070129,5.034254
D_1_8_3,46.244237,-50.257099,12.318554,33.789317,17.483352,-880.646447,20.208422,6.781677,25.172939,34.256067,5.207875,5.032855
D_1_8_3,46.315822,-50.255121,12.31991,33.628816,17.193353,-881.225216,20.205627,7.126625,26.234419,33.010139,3.06226,5.031457
D_1_8_3,46.387408,-50.253144,12.321267,38.108697,17.048679,-879.73639,20.202834,7.073408,23.769917,31.047979,1.074599,5.030058
D_1_8_3,46.458993,-50.251166,12.322623,31.323978,17.005765,-879.904557,20.201624,8.811557,25.15931,34.705155,2.932855,5.028659
D_1_8_3,46.530579,-50.249188,12.323979,28.032521,17.159264,-886.390651,20.204871,10.982622,25.566858,35.417999,4.343136,5.027259
D_1_8_3,46.602164,-50.24721,12.325336,25.266897,17.314226,-891.846039,20.208109,11.980345,23.461429,39.291328,3.303739,5.025859
D_1_8_3,46.67375,-50.245233,12.326692,26.230565,17.556238,-894.161875,20.211338,12.131702,25.670479,35.967253,3.143055,5.024459
D_1_8_3,46.745335,-50.243255,12.328049,29.947324,17.692965,-897.089762,20.214559,9.826448,26.515848,33.71038,7.188784,5.023059
D_1_8_3,46.816921,-50.241277,12.329405,33.00215,17.74604,-906.787248,20.217772,7.884539,27.257794,31.855517,11.580855,5.021658
D_1_8_3,46.888506,-50.239299,12.330761,32.318769,17.766165,-920.02599,20.220976,8.214839,25.918865,33.547527,14.037024,5.020257
D_1_8_3,46.960092,-50.237321,12.332118,30.687335,17.955087,-934.926105,20.224171,7.301149,27.817833,34.193682,15.016812,5.018856
D_1_8_3,47.031677,-50.235343,12.333474,27.533226,18.192251,-950.138542,20.227357,6.650135,32.317985,33.498656,14.498819,5.017455
D_1_8_3,47.103263,-50.233365,12.33483,26.410338,18.200034,-963.761307,20.230536,6.601243,33.000852,33.987568,12.887687,5.016053
D_1_8_3,47.174848,-50.231388,12.336186,26.030297,17.977219,-976.708565,20.233705,6.485507,32.339266,35.144929,10.694234,5.014651
D_1_8_3,47.246434,-50.22941,12.337543,25.685004,17.958177,-988.81797,20.236865,6.312812,32.712998,35.289184,9.49526,5.013248
D_1_8_3,47.318019,-50.227432,12.338899,31.220361,17.992268,-999.445173,20.240018,2.37895,33.589607,32.811085,8.536718,5.011846
D_1_8_3,47.389605,-50.225454,12.340255,27.171361,17.761568,-1009.113025,20.243162,5.064305,32.286419,35.477916,6.280259,5.010443
D_1_8_3,47.46119,-50.223476,12.341611,29.263869,18.005179,-1016.113669,20.246297,2.374326,35.137933,33.223872,5.270462,5.00904
D_1_8_3,47.532776,-50.221498,12.342968,29.575764,18.02495,-1022.288221,20.249423,2.463174,34.837147,33.123914,5.049735,5.007636
D_1_8_3,47.604361,-50.21952,12.344324,34.723028,17.895872,-1027.748667,20.252541,1.959762,30.674252,32.642958,3.83582,5.006232
D_1_8_3,47.675947,-50.217541,12.34568,37.871423,17.647343,-1032.147305,20.255651,3.862281,24.872065,33.394231,2.902089,5.004828
D_1_8_3,47.747532,-50.215563,12.347036,42.618122,17.255387,-1034.998671,20.258752,4.403682,19.747537,33.23066,1.664804,5.003424
D_1_8_3,47.819118,-50.213585,12.348392,44.313212,17.023432,-1035.854357,20.261844,5.483849,18.381557,31.821383,0.875707,5.00202
D_1_8_3,47.890703,-50.211607,12.349748,43.101243,17.116238,-1033.305738,20.264928,4.970855,19.807235,32.12067,2.715245,5.000615
D_1_8_3,47.962289,-50.209629,12.351104,38.671002,17.605691,-1029.040591,20.268002,4.834613,22.924691,33.569696,3.292729,4.99921
D_1_8_3,48.033874,-50.207651,12.35246,34.480265,17.863153,-1025.171631,20.271069,6.149147,25.838369,33.532219,4.388073,4.997804
D_1_8_3,48.10546,-50.205673,12.353817,33.611025,18.035501,-1018.486374,20.274127,6.724487,26.780964,32.883524,6.193968,4.996398
D_1_8_3,48.177045,-50.203695,12.355173,34.311369,18.203833,-1011.684712,20.277176,7.064438,27.824543,30.799651,5.610306,4.994992
D_1_8_3,48.248631,-50.201716,12.356529,34.814264,18.323545,-1012.846557,20.280217,6.990629,28.055728,30.139381,5.337406,4.993586
D_1_8_3,48.320216,-50.199738,12.357885,31.252376,18.044125,-1019.465953,20.283249,7.794873,31.795299,29.157453,3.010741,4.99218
D_1_8_3,48.391802,-50.19776,12.359241,30.413678,17.751613,-1017.661524,20.286272,10.343368,26.080336,33.162621,3.14528,4.990773
D_1_8_3,48.463387,-50.195781,12.360597,34.987273,17.860273,-1010.237665,20.289287,7.807519,27.45801,29.747198,4.027092,4.989365
D_1_8_3,48.534973,-50.193803,12.361953,35.143916,18.153073,-1007.137762,20.292294,5.589733,27.702465,31.563887,0.929935,4.987958
D_1_8_3,48.606558,-50.191825,12.363309,30.410235,18.529568,-1007.752765,20.295291,4.794898,33.282065,31.512803,2.049492,4.98655
D_1_8_3,48.678144,-50.189847,12.364665,21.928605,18.722495,-1009.224485,20.29828,6.638213,39.09675,32.336433,3.250174,4.985142
D_1_8_3,48.749729,-50.187868,12.366021,22.872822,18.703054,-1009.95037,20.301261,5.911962,39.141474,32.073743,4.518466,4.983734
D_1_8_3,48.821315,-50.18589,12.367377,18.580065,18.920036,-1010.013733,20.304233,6.808083,42.692686,31.919167,6.232107,4.982325
D_1_8_3,48.8929,-50.183911,12.368732,16.281931,19.160103,-1009.209345,20.307196,6.878486,45.624439,31.215146,7.853013,4.980916
D_1_8_3,48.964486,-50.181933,12.370088,16.159913,19.177364,-1006.045645,20.310151,7.309611,45.171719,31.358759,9.135097,4.979507
D_1_8_3,49.036071,-50.179954,12.371444,22.566835,19.291578,-999.857917,20.313097,11.416034,33.876064,32.14107,8.676458,4.978098
D_1_8_3,49.107657,-50.177976,12.3728,24.448092,19.217666,-996.573847,20.316034,15.155841,26.56795,33.828121,6.098062,4.976688
D_1_8_3,49.179242,-50.175997,12.374156,30.264813,19.171388,-997.704294,20.318964,15.106649,21.103008,33.52553,4.968256,4.975278
D_1_8_3,49.250828,-50.174019,12.375513,34.319736,19.066406,-1002.758254,20.321884,15.981525,15.679397,34.019341,5.278516,4.973868
D_1_8_3,49.322413,-50.17204,12.376868,26.074831,19.100811,-1006.912391,20.324795,15.964721,23.372123,34.588329,5.384705,4.972457
D_1_8_3,49.393999,-50.170062,12.378224,19.739237,19.047835,-1010.782157,20.327699,17.243626,27.24692,35.770217,5.944847,4.971047
D_1_8_3,49.465584,-50.168083,12.379579,27.181592,19.003129,-1016.238249,20.330593,12.84839,26.479123,33.490894,6.7093,4.969635
D_1_8_3,49.53717,-50.166105,12.380935,27.068401,19.131091,-1023.741742,20.33348,13.365414,26.372585,33.193602,6.86512,4.968224
D_1_8_3,49.608755,-50.164126,12.382291,23.702992,19.227273,-1031.921784,20.336357,14.839853,27.778436,33.678722,5.513414,4.966812
D_1_8_3,49.680341,-50.162147,12.383647,20.012165,19.270109,-1036.007172,20.339226,17.086989,28.067474,34.833373,3.618932,4.9654
D_1_8_3,49.751926,-50.160169,12.385002,20.763514,19.147532,-1034.531587,20.342086,18.414033,25.023787,35.798666,4.411942,4.963988
D_1_8_3,49.823512,-50.15819,12.386358,19.157567,18.971903,-1033.656866,20.344938,18.135644,26.149241,36.557549,5.558055,4.962576
D_1_8_3,49.895097,-50.156211,12.387714,19.147671,18.899969,-1030.049027,20.347781,18.74407,25.056062,37.052198,6.500387,4.961163
D_1_8_3,49.966683,-50.154233,12.38907,22.707121,19.006895,-1024.97047,20.350615,18.284861,22.883629,36.124392,5.049029,4.95975
D_1_8_3,50.038269,-50.152254,12.390425,27.842136,18.858789,-1023.458825,20.353441,15.472528,21.598346,35.086988,3.138408,4.958336
D_1_8_3,50.109854,-50.150275,12.391781,27.478755,18.721833,-1029.180524,20.356259,15.592866,21.228682,35.699698,4.307609,4.956923
