position,FeO Abundance,lon,lat
0,6.196968,24.891148,-10.025402
0.175819,6.371964,24.895186,-10.029622
0.351639,6.357651,24.899224,-10.033842
0.527458,6.372152,24.903263,-10.038061
0.703277,6.358707,24.907302,-10.04228
0.879097,6.333834,24.91134,-10.0465
1.054916,6.24392,24.915379,-10.050719
1.230735,6.166167,24.919417,-10.05494
1.406554,6.104227,24.923456,-10.059159
1.582374,6.137627,24.927495,-10.063378
1.758193,6.26048,24.931534,-10.067597
1.934012,6.360919,24.935573,-10.071817
2.109832,6.372224,24.939613,-10.076036
2.285651,6.524991,24.943652,-10.080255
2.46147,6.671203,24.947691,-10.084475
2.63729,6.819005,24.951731,-10.088694
2.813109,6.81889,24.95577,-10.092913
2.988928,6.797643,24.959811,-10.097131
3.164747,6.727897,24.963851,-10.10135
3.340567,6.52468,24.967891,-10.105569
3.516386,6.323836,24.97193,-10.109789
3.692205,6.282944,24.975971,-10.114007
3.868025,6.251091,24.980011,-10.118225
4.043844,6.185411,24.984051,-10.122445
4.219663,6.038043,24.988092,-10.126663
4.395483,5.725627,24.992132,-10.130882
4.571302,5.733416,24.996173,-10.135101
4.747121,5.872834,25.000214,-10.139319
4.92294,5.952566,25.004255,-10.143537
5.09876,6.026511,25.008296,-10.147756
5.274579,6.028945,25.012338,-10.151974
5.450398,5.989376,25.016378,-10.156193
5.626218,5.919116,25.02042,-10.160411
5.802037,5.729409,25.024462,-10.164629
5.977856,5.670352,25.028503,-10.168847
6.153676,5.682136,25.032545,-10.173065
6.329495,5.584,25.036587,-10.177283
6.505314,5.620547,25.040629,-10.181501
6.681133,5.652683,25.044671,-10.185719
6.856953,5.702108,25.048713,-10.189937
7.032772,5.842441,25.052755,-10.194155
7.208591,5.927635,25.056797,-10.198373
7.384411,5.983118,25.06084,-10.20259
7.56023,6.060991,25.064882,-10.206809
7.736049,6.025845,25.068925,-10.211026
7.911869,6.071068,25.072967,-10.215244
8.087688,6.20911,25.077011,-10.219461
8.263507,6.246002,25.081053,-10.223679
8.439327,6.12749,25.085096,-10.227897
8.615146,5.995461,25.08914,-10.232114
8.790965,5.917536,25.093183,-10.236331
8.966784,5.677038,25.097227,-10.240548
9.142604,5.668508,25.101271,-10.244765
9.318423,5.732475,25.105314,-10.248983
9.494242,5.628991,25.109357,-10.2532
9.670062,5.476746,25.113402,-10.257417
9.845881,5.506511,25.117445,-10.261634
10.0217,5.411241,25.12149,-10.265851
10.19752,5.399678,25.125533,-10.270068
10.373339,5.366823,25.129578,-10.274285
10.549158,5.406873,25.133622,-10.278502
10.724977,5.38531,25.137667,-10.282719
10.900797,5.173851,25.141712,-10.286935
11.076616,5.022901,25.145756,-10.291152
11.252435,4.948348,25.149801,-10.295369
11.428255,4.861577,25.153846,-10.299586
11.604074,4.557625,25.157891,-10.303802
11.779893,4.628256,25.161936,-10.308019
11.955713,4.688665,25.165981,-10.312235
12.131532,4.66091,25.170026,-10.316452
12.307351,4.403084,25.174072,-10.320668
12.48317,4.331211,25.178118,-10.324884
12.65899,4.390499,25.182163,-10.329101
12.834809,4.372107,25.186209,-10.333317
13.010628,4.269187,25.190255,-10.337533
13.186448,4.249315,25.194301,-10.341749
13.362267,4.334607,25.198347,-10.345965
13.538086,4.420713,25.202393,-10.350181
13.713906,4.511242,25.20644,-10.354397
13.889725,4.510536,25.210486,-10.358613
14.065544,4.475716,25.214533,-10.362829
14.241364,4.572086,25.218579,-10.367045
14.417183,4.766609,25.222627,-10.37126
14.593002,5.097822,25.226673,-10.375476
14.768821,5.29502,25.23072,-10.379692
14.944641,5.32639,25.234767,-10.383908
15.12046,5.142684,25.238814,-10.388123
15.296279,5.041755,25.242861,-10.392339
15.472099,5.030153,25.24691,-10.396554
15.647918,4.990241,25.250957,-10.400769
15.823737,5.066763,25.255004,-10.404985
15.999557,5.194101,25.259052,-10.4092
16.175376,5.368055,25.2631,-10.413415
16.351195,5.585086,25.267148,-10.417631
16.527014,5.755219,25.271196,-10.421846
16.702834,5.961632,25.275244,-10.426061
16.878653,5.99331,25.279293,-10.430276
17.054472,5.931955,25.283341,-10.434491
17.230292,5.84243,25.287389,-10.438706
17.406111,5.632698,25.291438,-10.442921
17.58193,5.497135,25.295487,-10.447136
17.75775,5.621015,25.299536,-10.45135
17.933569,5.710417,25.303584,-10.455565
18.109388,6.000965,25.307633,-10.45978
18.285207,6.222152,25.311683,-10.463994
18.461027,6.33424,25.315732,-10.468209
18.636846,6.393438,25.319782,-10.472423
18.812665,6.400435,25.323831,-10.476638
18.988485,6.419152,25.327881,-10.480853
19.164304,6.582863,25.33193,-10.485067
19.340123,6.676641,25.33598,-10.489282
19.515943,6.717246,25.34003,-10.493496
19.691762,6.88415,25.34408,-10.49771
19.867581,6.764525,25.34813,-10.501924
20.0434,6.44543,25.352181,-10.506138
20.21922,6.615545,25.356231,-10.510352
20.395039,6.785259,25.360281,-10.514566
20.570858,6.538966,25.364332,-10.51878
20.746678,6.532268,25.368383,-10.522994
20.922497,6.48766,25.372434,-10.527208
21.098316,6.473607,25.376485,-10.531422
21.274136,6.446653,25.380536,-10.535636
21.449955,6.380098,25.384587,-10.53985
21.625774,6.533629,25.388638,-10.544063
21.801594,6.7179,25.39269,-10.548277
21.977413,6.712267,25.396741,-10.55249
22.153232,6.481663,25.400793,-10.556703
22.329051,6.237269,25.404845,-10.560917
22.504871,6.26097,25.408896,-10.565131
22.68069,6.229143,25.412949,-10.569344
22.856509,6.032553,25.417,-10.573558
23.032329,5.728598,25.421052,-10.577771
23.208148,6.133187,25.425105,-10.581984
23.383967,6.340941,25.429157,-10.586197
23.559787,6.19722,25.43321,-10.59041
23.735606,5.900691,25.437263,-10.594623
23.911425,5.716841,25.441315,-10.598836
24.087244,5.592088,25.445368,-10.603049
24.263064,5.453523,25.449421,-10.607262
24.438883,5.370559,25.453474,-10.611475
24.614702,5.338432,25.457527,-10.615688
24.790522,5.269768,25.46158,-10.619901
24.966341,5.238285,25.465634,-10.624113
25.14216,5.147617,25.469687,-10.628326
25.31798,5.015358,25.473741,-10.632538
25.493799,4.868128,25.477794,-10.636751
25.669618,4.883484,25.481848,-10.640963
25.845437,5.074152,25.485902,-10.645176
26.021257,5.173379,25.489956,-10.649388
26.197076,5.202963,25.494011,-10.653601
26.372895,5.215916,25.498065,-10.657813
26.548715,5.358505,25.502119,-10.662025
26.724534,5.418195,25.506174,-10.666237
26.900353,5.435313,25.510228,-10.670449
27.076173,5.281736,25.514283,-10.674661
27.251992,5.333724,25.518339,-10.678873
27.427811,5.463224,25.522393,-10.683085
27.60363,5.490607,25.526448,-10.687297
27.77945,5.513172,25.530503,-10.691509
27.955269,5.491565,25.534559,-10.695721
28.131088,5.421242,25.538614,-10.699933
28.306908,5.344453,25.542669,-10.704144
28.482727,5.348759,25.546725,-10.708356
28.658546,5.111712,25.550782,-10.712567
28.834366,5.073474,25.554837,-10.716779
29.010185,5.345709,25.558893,-10.720991
29.186004,5.552746,25.562949,-10.725202
29.361824,5.582293,25.567006,-10.729413
29.537643,5.487103,25.571061,-10.733625
29.713462,5.456111,25.575118,-10.737836
29.889281,5.545097,25.579174,-10.742047
30.065101,5.49212,25.583231,-10.746258
30.24092,5.493438,25.587288,-10.75047
30.416739,5.549799,25.591345,-10.754681
30.592559,5.586138,25.595402,-10.758892
30.768378,5.601103,25.599459,-10.763103
30.944197,5.54775,25.603517,-10.767313
31.120017,5.676943,25.607573,-10.771524
31.295836,5.658687,25.611631,-10.775735
31.471655,5.53041,25.615688,-10.779946
31.647474,5.374907,25.619746,-10.784157
31.823294,5.400789,25.623804,-10.788367
31.999113,5.413426,25.627862,-10.792578
32.174932,5.466357,25.63192,-10.796788
32.350752,5.610322,25.635978,-10.800999
32.526571,5.576887,25.640036,-10.805209
32.70239,5.430007,25.644095,-10.809419
32.87821,5.622597,25.648153,-10.81363
33.054029,5.639923,25.652212,-10.81784
33.229848,5.603592,25.656271,-10.82205
33.405667,5.666001,25.660329,-10.826261
33.581487,5.854119,25.664388,-10.830471
33.757306,5.836355,25.668447,-10.834681
33.933125,5.75898,25.672506,-10.838891
34.108945,5.72041,25.676566,-10.843101
34.284764,5.690429,25.680626,-10.84731
34.460583,5.570572,25.684684,-10.851521
34.636403,5.500509,25.688744,-10.85573
34.812222,5.413757,25.692804,-10.85994
34.988041,5.258216,25.696864,-10.86415
35.163861,5.170094,25.700924,-10.868359
35.33968,5.213676,25.704984,-10.872569
35.515499,5.335039,25.709044,-10.876779
35.691318,5.531823,25.713104,-10.880988
35.867138,5.571482,25.717165,-10.885197
36.042957,5.428125,25.721226,-10.889406
36.218776,5.282253,25.725286,-10.893616
36.394596,5.24905,25.729346,-10.897825
36.570415,5.49229,25.733407,-10.902035
36.746234,5.724214,25.737468,-10.906244
36.922054,5.918319,25.741529,-10.910453
37.097873,6.164401,25.745591,-10.914662
37.273692,6.389525,25.749653,-10.91887
37.449511,6.497134,25.753713,-10.92308
37.625331,6.531855,25.757775,-10.927289
37.80115,6.318469,25.761837,-10.931498
37.976969,6.002277,25.765899,-10.935706
38.152789,5.838591,25.76996,-10.939915
38.328608,5.875546,25.774022,-10.944124
38.504427,5.805341,25.778085,-10.948332
38.680247,5.45869,25.782147,-10.952541
38.856066,5.144774,25.786209,-10.95675
39.031885,5.095931,25.790272,-10.960958
39.207704,5.138127,25.794334,-10.965166
39.383524,5.153463,25.798398,-10.969374
39.559343,5.333986,25.80246,-10.973583
39.735162,5.498032,25.806524,-10.977791
39.910982,5.441441,25.810586,-10.981999
40.086801,5.425738,25.81465,-10.986207
40.26262,5.444672,25.818712,-10.990416
40.43844,5.463163,25.822776,-10.994624
40.614259,5.43934,25.82684,-10.998831
40.790078,5.246588,25.830903,-11.00304
40.965897,5.173196,25.834967,-11.007247
41.141717,5.225649,25.839031,-11.011455
41.317536,5.199573,25.843095,-11.015663
41.493355,5.057576,25.847159,-11.01987
41.669175,5.174352,25.851223,-11.024078
41.844994,5.254448,25.855288,-11.028285
42.020813,5.174251,25.859352,-11.032494
42.196633,5.160425,25.863416,-11.036701
42.372452,5.143519,25.867481,-11.040908
42.548271,5.096306,25.871546,-11.045116
42.724091,5.051818,25.875611,-11.049323
42.89991,5.08418,25.879676,-11.05353
43.075729,5.127811,25.883741,-11.057738
43.251548,5.021163,25.887806,-11.061945
43.427368,5.018154,25.891872,-11.066152
43.603187,5.070791,25.895937,-11.070359
43.779006,5.050369,25.900003,-11.074566
43.954826,5.161981,25.904069,-11.078773
44.130645,5.304067,25.908134,-11.08298
44.306464,5.311328,25.9122,-11.087187
44.482284,5.21125,25.916267,-11.091393
44.658103,5.160006,25.920333,-11.0956
44.833922,5.101351,25.9244,-11.099806
45.009741,5.0968,25.928466,-11.104013
45.185561,4.939719,25.932532,-11.10822
45.36138,4.789745,25.936599,-11.112427
45.537199,4.665378,25.940666,-11.116633
45.713019,4.462327,25.944733,-11.120839
45.888838,4.509842,25.9488,-11.125046
46.064657,4.691516,25.952867,-11.129252
46.240477,4.560794,25.956934,-11.133458
46.416296,4.277855,25.961002,-11.137664
46.592115,4.237329,25.965069,-11.141871
46.767934,4.325316,25.969136,-11.146077
46.943754,4.294926,25.973204,-11.150283
47.119573,4.246918,25.977273,-11.154488
47.295392,4.324265,25.98134,-11.158695
47.471212,4.427834,25.985409,-11.1629
47.647031,4.247118,25.989476,-11.167106
47.82285,3.993429,25.993545,-11.171312
47.99867,3.87088,25.997614,-11.175517
48.174489,3.845404,26.001682,-11.179723
48.350308,4.02106,26.00575,-11.183929
48.526128,4.14766,26.00982,-11.188134
48.701947,3.963738,26.013888,-11.19234
48.877766,3.6958,26.017957,-11.196545
49.053585,3.422468,26.022026,-11.200751
49.229405,3.08156,26.026096,-11.204956
49.405224,2.832156,26.030165,-11.209161
49.581043,2.709219,26.034234,-11.213366
49.756863,2.614813,26.038304,-11.217571
49.932682,2.692203,26.042374,-11.221777
50.108501,3.038592,26.046444,-11.225982
50.284321,3.080593,26.050514,-11.230187
50.46014,3.187706,26.054584,-11.234391
50.635959,3.647276,26.058654,-11.238596
50.811778,4.016991,26.062725,-11.242801
50.987598,4.050713,26.066795,-11.247006
51.163417,4.129537,26.070865,-11.251211
51.339236,4.327858,26.074936,-11.255415
51.515056,4.424509,26.079007,-11.25962
51.690875,4.426711,26.083078,-11.263824
51.866694,4.40606,26.087149,-11.268029
52.042514,4.468595,26.09122,-11.272233
52.218333,4.453544,26.095291,-11.276438
52.394152,4.401944,26.099363,-11.280641
52.569971,4.388729,26.103434,-11.284846
52.745791,4.44128,26.107506,-11.28905
52.92161,4.539178,26.111578,-11.293254
53.097429,4.618849,26.11565,-11.297459
53.273249,4.728732,26.119722,-11.301663
53.449068,4.802823,26.123794,-11.305867
53.624887,4.807694,26.127866,-11.310071
53.800707,4.673375,26.131938,-11.314274
53.976526,4.618909,26.136011,-11.318478
54.152345,4.812928,26.140083,-11.322682
54.328164,5.025289,26.144156,-11.326886
54.503984,4.996365,26.148229,-11.331089
54.679803,4.880838,26.152302,-11.335293
54.855622,4.906976,26.156375,-11.339496
55.031442,4.881943,26.160448,-11.3437
55.207261,4.745456,26.164522,-11.347903
55.38308,4.714084,26.168596,-11.352106
55.5589,4.624137,26.172669,-11.35631
55.734719,4.542116,26.176742,-11.360513
55.910538,4.438238,26.180816,-11.364716
56.086358,4.236821,26.18489,-11.36892
56.262177,3.856836,26.188964,-11.373123
56.437996,3.932539,26.193039,-11.377325
56.613815,4.225653,26.197113,-11.381529
56.789635,4.251001,26.201187,-11.385732
56.965454,4.120957,26.205261,-11.389934
57.141273,4.201529,26.209336,-11.394137
57.317093,4.488814,26.213411,-11.39834
57.492912,4.721415,26.217486,-11.402543
57.668731,4.749572,26.221561,-11.406745
57.844551,4.865715,26.225636,-11.410948
58.02037,5.003884,26.229711,-11.41515
58.196189,4.998427,26.233787,-11.419353
58.372008,4.789714,26.237862,-11.423555
58.547828,4.622689,26.241938,-11.427758
58.723647,4.68253,26.246013,-11.43196
58.899466,4.512122,26.250089,-11.436162
59.075286,4.403557,26.254165,-11.440364
59.251105,4.360734,26.258241,-11.444566
59.426924,4.337841,26.262317,-11.448768
59.602744,4.300758,26.266394,-11.45297
59.778563,4.260372,26.27047,-11.457172
59.954382,4.053158,26.274547,-11.461374
60.130201,3.942289,26.278624,-11.465576
60.306021,3.586937,26.2827,-11.469778
60.48184,3.584475,26.286777,-11.47398
60.657659,3.726448,26.290854,-11.478181
60.833479,3.756038,26.294932,-11.482383
61.009298,3.793268,26.299009,-11.486585
61.185117,3.878148,26.303086,-11.490786
61.360937,3.850441,26.307164,-11.494988
61.536756,3.653083,26.311242,-11.499189
61.712575,3.645998,26.315319,-11.50339
61.888394,3.862781,26.319397,-11.507592
62.064214,3.877121,26.323475,-11.511793
62.240033,3.590982,26.327553,-11.515994
62.415852,3.621652,26.331632,-11.520195
62.591672,3.732557,26.33571,-11.524396
62.767491,3.774188,26.339789,-11.528597
62.94331,3.594134,26.343867,-11.532798
63.11913,3.48656,26.347947,-11.536998
63.294949,3.587549,26.352025,-11.5412
63.470768,3.723273,26.356104,-11.5454
63.646588,3.891267,26.360183,-11.549601
63.822407,3.878857,26.364262,-11.553802
63.998226,3.753715,26.368342,-11.558002
64.174045,3.808628,26.372421,-11.562203
64.349865,3.945942,26.376501,-11.566403
64.525684,4.021217,26.380581,-11.570604
64.701503,4.095481,26.38466,-11.574804
64.877323,4.050068,26.38874,-11.579005
65.053142,4.075197,26.392821,-11.583205
65.228961,4.085007,26.396901,-11.587405
65.404781,4.18027,26.400981,-11.591605
65.5806,4.01768,26.405062,-11.595805
65.756419,4.033062,26.409143,-11.600005
65.932238,3.991349,26.413223,-11.604205
66.108058,4.02869,26.417304,-11.608405
66.283877,4.129848,26.421385,-11.612605
66.459696,4.010925,26.425466,-11.616805
66.635516,3.913063,26.429547,-11.621005
66.811335,3.99155,26.433628,-11.625204
66.987154,3.966343,26.43771,-11.629404
67.162974,3.870574,26.441792,-11.633603
67.338793,3.92159,26.445873,-11.637803
67.514612,4.171795,26.449955,-11.642002
67.690431,4.404075,26.454037,-11.646202
67.866251,4.320286,26.458119,-11.650401
68.04207,4.505324,26.462201,-11.6546
68.217889,4.805025,26.466284,-11.6588
68.393709,4.708069,26.470366,-11.662999
68.569528,4.257015,26.474449,-11.667198
68.745347,4.20972,26.478532,-11.671396
68.921167,4.325888,26.482614,-11.675596
69.096986,4.562303,26.486697,-11.679795
69.272805,4.586223,26.49078,-11.683994
69.448625,4.47807,26.494863,-11.688193
69.624444,4.495602,26.498947,-11.692391
69.800263,4.280517,26.50303,-11.69659
69.976082,3.992885,26.507114,-11.700789
70.151902,4.096325,26.511197,-11.704987
70.327721,4.13004,26.515281,-11.709186
70.50354,4.155001,26.519365,-11.713384
70.67936,4.195942,26.52345,-11.717582
70.855179,4.368833,26.527533,-11.721781
71.030998,4.38807,26.531618,-11.725979
71.206818,4.05244,26.535702,-11.730178
71.382637,4.056567,26.539787,-11.734376
71.558456,4.302681,26.543871,-11.738574
71.734275,4.349583,26.547956,-11.742772
71.910095,4.440028,26.552041,-11.74697
72.085914,4.528376,26.556126,-11.751168
72.261733,4.518095,26.560211,-11.755366
72.437553,4.418934,26.564297,-11.759564
72.613372,4.535072,26.568382,-11.763761
72.789191,4.571904,26.572468,-11.767959
72.965011,4.549433,26.576553,-11.772157
73.14083,4.582028,26.580639,-11.776354
73.316649,4.674394,26.584725,-11.780552
73.492468,4.592711,26.588811,-11.784749
73.668288,4.435906,26.592897,-11.788947
73.844107,4.43353,26.596984,-11.793144
74.019926,4.489252,26.60107,-11.797341
74.195746,4.692694,26.605157,-11.801539
74.371565,4.848784,26.609243,-11.805736
74.547384,4.711958,26.61333,-11.809933
74.723204,4.458745,26.617417,-11.81413
74.899023,4.33728,26.621504,-11.818327
75.074842,4.430848,26.625591,-11.822524
75.250661,4.656624,26.629679,-11.826721
75.426481,4.614787,26.633766,-11.830918
75.6023,4.346378,26.637854,-11.835115
75.778119,4.204013,26.641941,-11.839311
75.953939,4.196759,26.646029,-11.843508
76.129758,3.869143,26.650117,-11.847705
76.305577,4.076437,26.654205,-11.851901
76.481397,4.27375,26.658293,-11.856098
76.657216,4.432365,26.662381,-11.860294
76.833035,4.530051,26.66647,-11.86449
77.008855,4.654279,26.670558,-11.868687
77.184674,4.581327,26.674647,-11.872883
77.360493,4.460098,26.678736,-11.877079
77.536312,4.403161,26.682825,-11.881275
77.712132,4.331138,26.686914,-11.885471
77.887951,4.267701,26.691003,-11.889667
78.06377,4.330309,26.695092,-11.893863
78.23959,4.470803,26.699182,-11.898059
78.415409,4.731778,26.703272,-11.902255
78.591228,4.90663,26.707361,-11.906451
78.767048,5.084065,26.711451,-11.910647
78.942867,5.089571,26.715541,-11.914842
79.118686,4.987287,26.719631,-11.919038
79.294505,4.91161,26.723721,-11.923233
79.470325,4.927368,26.727812,-11.927429
79.646144,5.026265,26.731902,-11.931624
79.821963,5.063152,26.735993,-11.935819
79.997783,5.131995,26.740083,-11.940015
80.173602,5.133694,26.744175,-11.94421
80.349421,4.844787,26.748266,-11.948405
80.525241,4.719499,26.752356,-11.952601
80.70106,4.701854,26.756447,-11.956796
80.876879,4.87387,26.760539,-11.960991
81.052698,5.016047,26.76463,-11.965186
81.228518,4.963723,26.768722,-11.969381
81.404337,4.961892,26.772814,-11.973575
81.580156,4.966843,26.776905,-11.97777
81.755976,4.986993,26.780997,-11.981965
81.931795,4.972553,26.785089,-11.98616
82.107614,4.696403,26.789182,-11.990354
82.283434,4.561596,26.793274,-11.994549
82.459253,4.910439,26.797367,-11.998743
82.635072,5.169331,26.801459,-12.002938
82.810891,5.011229,26.805552,-12.007132
82.986711,5.162799,26.809645,-12.011326
83.16253,4.890033,26.813738,-12.015521
83.338349,4.581752,26.817831,-12.019715
83.514169,4.8524,26.821924,-12.023909
83.689988,5.12911,26.826017,-12.028103
83.865807,5.027033,26.830111,-12.032297
84.041627,4.721607,26.834205,-12.03649
84.217446,4.463778,26.838298,-12.040685
84.393265,4.846824,26.842392,-12.044879
84.569085,5.356605,26.846486,-12.049072
84.744904,5.614022,26.85058,-12.053266
84.920723,5.64048,26.854675,-12.05746
85.096542,5.48752,26.858769,-12.061653
85.272362,5.34217,26.862864,-12.065847
85.448181,5.272834,26.866958,-12.07004
85.624,5.131284,26.871053,-12.074234
85.79982,5.095346,26.875148,-12.078427
85.975639,5.108668,26.879243,-12.08262
86.151458,5.354069,26.883338,-12.086814
86.327278,5.511233,26.887433,-12.091007
86.503097,5.633748,26.891529,-12.0952
86.678916,6.478695,26.895624,-12.099393
86.854735,7.394444,26.89972,-12.103586
87.030555,7.685175,26.903816,-12.107779
87.206374,7.614792,26.907912,-12.111972
87.382193,7.779249,26.912008,-12.116165
87.558013,8.143279,26.916104,-12.120357
87.733832,8.163329,26.920201,-12.12455
87.909651,7.881918,26.924297,-12.128743
88.085471,7.362314,26.928394,-12.132935
88.26129,7.314082,26.93249,-12.137128
88.437109,7.312772,26.936587,-12.14132
88.612928,7.357483,26.940684,-12.145513
88.788748,7.101981,26.944781,-12.149705
88.964567,6.599685,26.948878,-12.153897
89.140386,6.620021,26.952976,-12.158089
89.316206,6.682255,26.957073,-12.162282
89.492025,6.753645,26.961171,-12.166474
89.667844,6.873744,26.965269,-12.170666
89.843664,7.009961,26.969366,-12.174858
90.019483,7.111912,26.973464,-12.17905
90.195302,7.242473,26.977563,-12.183241
90.371122,7.360743,26.981661,-12.187433
90.546941,7.336759,26.985759,-12.191625
90.72276,7.053067,26.989858,-12.195817
90.898579,6.897151,26.993956,-12.200008
91.074399,6.851535,26.998055,-12.2042
91.250218,6.972029,27.002155,-12.208391
91.426037,6.807334,27.006253,-12.212583
91.601857,6.750253,27.010352,-12.216774
91.777676,6.770238,27.014452,-12.220965
91.953495,6.636159,27.018551,-12.225156
92.129315,6.407186,27.022651,-12.229348
92.305134,6.096979,27.02675,-12.233539
92.480953,6.31822,27.03085,-12.23773
92.656772,6.758892,27.03495,-12.241921
92.832592,6.848378,27.03905,-12.246112
93.008411,6.681884,27.04315,-12.250303
93.18423,6.588982,27.047251,-12.254493
93.36005,6.786285,27.051351,-12.258684
93.535869,6.676267,27.055452,-12.262875
93.711688,6.627259,27.059553,-12.267066
93.887508,6.808851,27.063653,-12.271256
94.063327,7.043946,27.067754,-12.275447
94.239146,7.098349,27.071856,-12.279637
94.414965,7.36705,27.075957,-12.283827
94.590785,7.518273,27.080058,-12.288018
94.766604,7.445347,27.08416,-12.292208
94.942423,7.516036,27.088262,-12.296398
95.118243,7.690909,27.092363,-12.300588
95.294062,7.572679,27.096465,-12.304778
95.469881,7.167511,27.100567,-12.308968
95.645701,6.891001,27.104669,-12.313158
95.82152,6.771783,27.108772,-12.317348
95.997339,6.665715,27.112874,-12.321538
96.173158,6.619302,27.116977,-12.325728
96.348978,6.737543,27.121079,-12.329918
96.524797,6.927807,27.125182,-12.334107
96.700616,6.943578,27.129285,-12.338297
96.876436,6.739695,27.133388,-12.342486
97.052255,6.71585,27.137491,-12.346676
97.228074,6.744155,27.141595,-12.350865
97.403894,6.709597,27.145698,-12.355055
97.579713,6.67442,27.149802,-12.359244
97.755532,6.737809,27.153905,-12.363433
97.931352,7.083198,27.158009,-12.367622
98.107171,7.501663,27.162113,-12.371811
98.28299,7.788391,27.166217,-12.376001
98.458809,7.839687,27.170322,-12.380189
98.634629,7.237653,27.174426,-12.384378
98.810448,7.031858,27.178531,-12.388567
98.986267,7.067002,27.182635,-12.392756
99.162087,6.9504,27.18674,-12.396945
99.337906,6.806494,27.190845,-12.401133
99.513725,6.751208,27.19495,-12.405322
99.689545,6.863343,27.199055,-12.409511
99.865364,6.883822,27.203161,-12.413699
100.041183,6.780684,27.207266,-12.417888
100.217002,6.786124,27.211372,-12.422076
100.392822,6.739487,27.215477,-12.426264
100.568641,6.880377,27.219583,-12.430452
100.74446,6.976967,27.22369,-12.43464
100.92028,6.715448,27.227795,-12.438829
101.096099,6.579274,27.231902,-12.443017
101.271918,6.484558,27.236008,-12.447205
101.447738,6.477538,27.240115,-12.451393
101.623557,6.67385,27.244221,-12.455581
101.799376,6.882118,27.248328,-12.459768
101.975195,7.15958,27.252435,-12.463956
102.151015,7.162658,27.256542,-12.468144
102.326834,7.295382,27.260649,-12.472331
102.502653,7.284748,27.264756,-12.476519
102.678473,7.123606,27.268864,-12.480706
102.854292,7.134662,27.272971,-12.484894
103.030111,7.171591,27.277079,-12.489081
103.205931,7.124212,27.281187,-12.493269
103.38175,7.050067,27.285295,-12.497456
103.557569,7.087869,27.289403,-12.501643
103.733388,7.10024,27.293511,-12.50583
103.909208,7.054272,27.29762,-12.510017
104.085027,6.795129,27.301728,-12.514204
104.260846,6.492921,27.305837,-12.518391
104.436666,6.282659,27.309946,-12.522578
104.612485,6.017802,27.314055,-12.526765
104.788304,5.707787,27.318164,-12.530952
104.964124,5.511566,27.322273,-12.535138
105.139943,5.44819,27.326382,-12.539325
105.315762,5.405193,27.330492,-12.543511
105.491582,5.304456,27.334601,-12.547698
105.667401,5.237824,27.338711,-12.551884
105.84322,5.27127,27.342821,-12.556071
106.019039,5.266691,27.346931,-12.560257
106.194859,5.222517,27.351041,-12.564443
106.370678,5.157786,27.355151,-12.568629
106.546497,5.065129,27.359262,-12.572815
106.722317,5.075086,27.363372,-12.577002
106.898136,5.215596,27.367483,-12.581188
107.073955,5.435017,27.371593,-12.585374
107.249775,5.679907,27.375704,-12.589559
107.425594,5.737173,27.379815,-12.593745
107.601413,6.125347,27.383927,-12.597931
107.777232,6.477439,27.388038,-12.602117
107.953052,6.387417,27.392149,-12.606302
108.128871,6.29341,27.396261,-12.610488
108.30469,6.412726,27.400373,-12.614673
108.48051,6.630043,27.404484,-12.618859
108.656329,6.850052,27.408596,-12.623044
108.832148,6.994105,27.412709,-12.627229
109.007968,7.013647,27.416821,-12.631415
109.183787,7.020502,27.420933,-12.6356
109.359606,7.109991,27.425046,-12.639785
109.535425,7.146446,27.429158,-12.64397
109.711245,7.295313,27.433271,-12.648155
109.887064,7.597379,27.437384,-12.65234
110.062883,7.627251,27.441497,-12.656525
110.238703,7.507511,27.44561,-12.66071
110.414522,7.423299,27.449724,-12.664894
110.590341,7.201851,27.453837,-12.669079
110.766161,6.999185,27.457951,-12.673264
110.94198,6.848011,27.462065,-12.677448
111.117799,6.801783,27.466178,-12.681633
111.293619,6.80588,27.470292,-12.685817
111.469438,6.868983,27.474407,-12.690001
111.645257,6.891454,27.478521,-12.694186
111.821076,6.930932,27.482635,-12.69837
111.996896,7.209984,27.48675,-12.702554
112.172715,7.296783,27.490865,-12.706738
112.348534,7.387168,27.494979,-12.710922
112.524354,7.242426,27.499094,-12.715106
112.700173,7.038642,27.503209,-12.71929
112.875992,6.817674,27.507325,-12.723474
113.051812,6.454158,27.51144,-12.727658
113.227631,5.929383,27.515556,-12.731842
113.40345,5.418916,27.519671,-12.736025
113.579269,5.920422,27.523787,-12.740209
113.755089,6.428844,27.527903,-12.744392
113.930908,6.854633,27.532019,-12.748576
114.106727,7.157054,27.536135,-12.752759
114.282547,7.311373,27.540251,-12.756943
114.458366,7.326314,27.544368,-12.761126
114.634185,7.26327,27.548485,-12.765309
114.810005,7.152202,27.552601,-12.769492
114.985824,7.269252,27.556718,-12.773675
115.161643,7.134969,27.560835,-12.777858
115.337462,6.989798,27.564952,-12.782041
115.513282,7.071666,27.56907,-12.786224
115.689101,7.025703,27.573187,-12.790407
115.86492,6.748955,27.577304,-12.79459
116.04074,6.647838,27.581422,-12.798772
116.216559,6.721197,27.58554,-12.802955
116.392378,6.758346,27.589658,-12.807138
116.568198,6.681681,27.593776,-12.81132
116.744017,6.819444,27.597894,-12.815503
116.919836,6.926829,27.602013,-12.819685
117.095655,7.023319,27.606131,-12.823867
117.271475,6.9807,27.61025,-12.82805
117.447294,6.890425,27.614369,-12.832232
117.623113,6.87941,27.618487,-12.836414
117.798933,7.049305,27.622607,-12.840596
117.974752,7.140293,27.626726,-12.844778
118.150571,7.039329,27.630845,-12.84896
118.326391,7.177181,27.634964,-12.853142
118.50221,7.343266,27.639084,-12.857324
118.678029,7.165288,27.643204,-12.861505
118.853849,6.964295,27.647324,-12.865687
119.029668,7.069143,27.651444,-12.869869
119.205487,7.226682,27.655564,-12.87405
119.381306,7.359396,27.659684,-12.878232
119.557126,7.446768,27.663805,-12.882413
119.732945,7.472101,27.667925,-12.886594
119.908764,7.293968,27.672046,-12.890776
120.084584,6.760756,27.676167,-12.894957
120.260403,6.475797,27.680288,-12.899138
120.436222,6.463463,27.684409,-12.903319
120.612042,6.435567,27.68853,-12.9075
120.787861,6.323278,27.692651,-12.911681
120.96368,6.266733,27.696773,-12.915862
121.139499,6.461245,27.700895,-12.920043
121.315319,6.438343,27.705016,-12.924224
121.491138,6.515265,27.709138,-12.928405
121.666957,6.783466,27.71326,-12.932585
121.842777,6.683384,27.717383,-12.936766
122.018596,6.5738,27.721505,-12.940946
122.194415,6.609824,27.725627,-12.945127
122.370235,6.839133,27.72975,-12.949307
122.546054,6.589622,27.733873,-12.953487
122.721873,6.661803,27.737996,-12.957668
122.897692,6.775365,27.742119,-12.961848
123.073512,6.80516,27.746242,-12.966028
123.073512,6.80516,27.746242,-12.966028