position,Iron Abundance,lon,lat
0,7.432553,24.891148,-10.025402
0.175819,7.435488,24.895186,-10.029622
0.351639,7.438451,24.899224,-10.033842
0.527458,7.441441,24.903263,-10.038061
0.703277,7.444459,24.907302,-10.04228
0.879097,7.447504,24.91134,-10.0465
1.054916,7.450576,24.915379,-10.050719
1.230735,7.453675,24.919417,-10.05494
1.406554,7.456802,24.923456,-10.059159
1.582374,7.459956,24.927495,-10.063378
1.758193,7.463138,24.931534,-10.067597
1.934012,7.466347,24.935573,-10.071817
2.109832,7.469584,24.939613,-10.076036
2.285651,7.472848,24.943652,-10.080255
2.46147,7.476139,24.947691,-10.084475
2.63729,7.479458,24.951731,-10.088694
2.813109,7.482804,24.95577,-10.092913
2.988928,7.486177,24.959811,-10.097131
3.164747,7.489578,24.963851,-10.10135
3.340567,7.493007,24.967891,-10.105569
3.516386,7.496462,24.97193,-10.109789
3.692205,7.499945,24.975971,-10.114007
3.868025,7.503456,24.980011,-10.118225
4.043844,7.506994,24.984051,-10.122445
4.219663,7.510559,24.988092,-10.126663
4.395483,7.514152,24.992132,-10.130882
4.571302,7.517772,24.996173,-10.135101
4.747121,7.521419,25.000214,-10.139319
4.92294,7.525094,25.004255,-10.143537
5.09876,7.528797,25.008296,-10.147756
5.274579,7.532526,25.012338,-10.151974
5.450398,7.536283,25.016378,-10.156193
5.626218,7.540068,25.02042,-10.160411
5.802037,7.54388,25.024462,-10.164629
5.977856,7.547719,25.028503,-10.168847
6.153676,7.551586,25.032545,-10.173065
6.329495,7.55548,25.036587,-10.177283
6.505314,7.559402,25.040629,-10.181501
6.681133,7.563351,25.044671,-10.185719
6.856953,7.567327,25.048713,-10.189937
7.032772,7.571331,25.052755,-10.194155
7.208591,7.575362,25.056797,-10.198373
7.384411,7.579421,25.06084,-10.20259
7.56023,7.583507,25.064882,-10.206809
7.736049,7.58762,25.068925,-10.211026
7.911869,7.591761,25.072967,-10.215244
8.087688,7.595929,25.077011,-10.219461
8.263507,7.600125,25.081053,-10.223679
8.439327,7.604348,25.085096,-10.227897
8.615146,7.608598,25.08914,-10.232114
8.790965,7.612876,25.093183,-10.236331
8.966784,7.617182,25.097227,-10.240548
9.142604,7.620623,25.101271,-10.244765
9.318423,7.620784,25.105314,-10.248983
9.494242,7.618132,25.109357,-10.2532
9.670062,7.615425,25.113402,-10.257417
9.845881,7.612665,25.117445,-10.261634
10.0217,7.60985,25.12149,-10.265851
10.19752,7.60698,25.125533,-10.270068
10.373339,7.604057,25.129578,-10.274285
10.549158,7.601079,25.133622,-10.278502
10.724977,7.598046,25.137667,-10.282719
10.900797,7.594959,25.141712,-10.286935
11.076616,7.591818,25.145756,-10.291152
11.252435,7.588623,25.149801,-10.295369
11.428255,7.585373,25.153846,-10.299586
11.604074,7.582069,25.157891,-10.303802
11.779893,7.57871,25.161936,-10.308019
11.955713,7.575297,25.165981,-10.312235
12.131532,7.571829,25.170026,-10.316452
12.307351,7.568308,25.174072,-10.320668
12.48317,7.564732,25.178118,-10.324884
12.65899,7.561101,25.182163,-10.329101
12.834809,7.557416,25.186209,-10.333317
13.010628,7.553677,25.190255,-10.337533
13.186448,7.549883,25.194301,-10.341749
13.362267,7.546035,25.198347,-10.345965
13.538086,7.542133,25.202393,-10.350181
13.713906,7.538176,25.20644,-10.354397
13.889725,7.534165,25.210486,-10.358613
14.065544,7.5301,25.214533,-10.362829
14.241364,7.52598,25.218579,-10.367045
14.417183,7.521805,25.222627,-10.37126
14.593002,7.517577,25.226673,-10.375476
14.768821,7.513294,25.23072,-10.379692
14.944641,7.508956,25.234767,-10.383908
15.12046,7.504565,25.238814,-10.388123
15.296279,7.500118,25.242861,-10.392339
15.472099,7.495555,25.24691,-10.396554
15.647918,7.490797,25.250957,-10.400769
15.823737,7.485032,25.255004,-10.404985
15.999557,7.479311,25.259052,-10.4092
16.175376,7.473645,25.2631,-10.413415
16.351195,7.468034,25.267148,-10.417631
16.527014,7.462477,25.271196,-10.421846
16.702834,7.456975,25.275244,-10.426061
16.878653,7.451528,25.279293,-10.430276
17.054472,7.446135,25.283341,-10.434491
17.230292,7.440798,25.287389,-10.438706
17.406111,7.435515,25.291438,-10.442921
17.58193,7.430287,25.295487,-10.447136
17.75775,7.425114,25.299536,-10.45135
17.933569,7.419996,25.303584,-10.455565
18.109388,7.414932,25.307633,-10.45978
18.285207,7.409923,25.311683,-10.463994
18.461027,7.404969,25.315732,-10.468209
18.636846,7.40007,25.319782,-10.472423
18.812665,7.395226,25.323831,-10.476638
18.988485,7.390436,25.327881,-10.480853
19.164304,7.385701,25.33193,-10.485067
19.340123,7.381021,25.33598,-10.489282
19.515943,7.376396,25.34003,-10.493496
19.691762,7.371826,25.34408,-10.49771
19.867581,7.36731,25.34813,-10.501924
20.0434,7.362849,25.352181,-10.506138
20.21922,7.358443,25.356231,-10.510352
20.395039,7.354092,25.360281,-10.514566
20.570858,7.349796,25.364332,-10.51878
20.746678,7.345554,25.368383,-10.522994
20.922497,7.341368,25.372434,-10.527208
21.098316,7.337236,25.376485,-10.531422
21.274136,7.333158,25.380536,-10.535636
21.449955,7.329136,25.384587,-10.53985
21.625774,7.325169,25.388638,-10.544063
21.801594,7.321256,25.39269,-10.548277
21.977413,7.317398,25.396741,-10.55249
22.153232,7.313595,25.400793,-10.556703
22.329051,7.309847,25.404845,-10.560917
22.504871,7.306153,25.408896,-10.565131
22.68069,7.302515,25.412949,-10.569344
22.856509,7.298931,25.417,-10.573558
23.032329,7.295402,25.421052,-10.577771
23.208148,7.291928,25.425105,-10.581984
23.383967,7.288509,25.429157,-10.586197
23.559787,7.285144,25.43321,-10.59041
23.735606,7.281834,25.437263,-10.594623
23.911425,7.27858,25.441315,-10.598836
24.087244,7.27538,25.445368,-10.603049
24.263064,7.272235,25.449421,-10.607262
24.438883,7.269144,25.453474,-10.611475
24.614702,7.266109,25.457527,-10.615688
24.790522,7.263128,25.46158,-10.619901
24.966341,7.260202,25.465634,-10.624113
25.14216,7.257331,25.469687,-10.628326
25.31798,7.254515,25.473741,-10.632538
25.493799,7.251754,25.477794,-10.636751
25.669618,7.249048,25.481848,-10.640963
25.845437,7.246396,25.485902,-10.645176
26.021257,7.243799,25.489956,-10.649388
26.197076,7.241258,25.494011,-10.653601
26.372895,7.238771,25.498065,-10.657813
26.548715,7.236338,25.502119,-10.662025
26.724534,7.233961,25.506174,-10.666237
26.900353,7.231639,25.510228,-10.670449
27.076173,7.229371,25.514283,-10.674661
27.251992,7.227158,25.518339,-10.678873
27.427811,7.225001,25.522393,-10.683085
27.60363,7.222898,25.526448,-10.687297
27.77945,7.220849,25.530503,-10.691509
27.955269,7.218856,25.534559,-10.695721
28.131088,7.216918,25.538614,-10.699933
28.306908,7.215034,25.542669,-10.704144
28.482727,7.213205,25.546725,-10.708356
28.658546,7.211432,25.550782,-10.712567
28.834366,7.209713,25.554837,-10.716779
29.010185,7.208048,25.558893,-10.720991
29.186004,7.206439,25.562949,-10.725202
29.361824,7.204885,25.567006,-10.729413
29.537643,7.203386,25.571061,-10.733625
29.713462,7.201941,25.575118,-10.737836
29.889281,7.200551,25.579174,-10.742047
30.065101,7.200219,25.583231,-10.746258
30.24092,7.201846,25.587288,-10.75047
30.416739,7.204126,25.591345,-10.754681
30.592559,7.206364,25.595402,-10.758892
30.768378,7.208562,25.599459,-10.763103
30.944197,7.210719,25.603517,-10.767313
31.120017,7.212835,25.607573,-10.771524
31.295836,7.214911,25.611631,-10.775735
31.471655,7.216946,25.615688,-10.779946
31.647474,7.218939,25.619746,-10.784157
31.823294,7.220892,25.623804,-10.788367
31.999113,7.222804,25.627862,-10.792578
32.174932,7.224675,25.63192,-10.796788
32.350752,7.226505,25.635978,-10.800999
32.526571,7.228295,25.640036,-10.805209
32.70239,7.230043,25.644095,-10.809419
32.87821,7.231751,25.648153,-10.81363
33.054029,7.233418,25.652212,-10.81784
33.229848,7.235044,25.656271,-10.82205
33.405667,7.236629,25.660329,-10.826261
33.581487,7.238174,25.664388,-10.830471
33.757306,7.239677,25.668447,-10.834681
33.933125,7.24114,25.672506,-10.838891
34.108945,7.242562,25.676566,-10.843101
34.284764,7.243943,25.680626,-10.84731
34.460583,7.245283,25.684684,-10.851521
34.636403,7.246582,25.688744,-10.85573
34.812222,7.24784,25.692804,-10.85994
34.988041,7.249058,25.696864,-10.86415
35.163861,7.250235,25.700924,-10.868359
35.33968,7.25137,25.704984,-10.872569
35.515499,7.252465,25.709044,-10.876779
35.691318,7.25352,25.713104,-10.880988
35.867138,7.254533,25.717165,-10.885197
36.042957,7.255505,25.721226,-10.889406
36.218776,7.256437,25.725286,-10.893616
36.394596,7.257327,25.729346,-10.897825
36.570415,7.258177,25.733407,-10.902035
36.746234,7.258986,25.737468,-10.906244
36.922054,7.259754,25.741529,-10.910453
37.097873,7.260481,25.745591,-10.914662
37.273692,7.260925,25.749653,-10.91887
37.449511,7.260883,25.753713,-10.92308
37.625331,7.260465,25.757775,-10.927289
37.80115,7.260032,25.761837,-10.931498
37.976969,7.259587,25.765899,-10.935706
38.152789,7.259128,25.76996,-10.939915
38.328608,7.258655,25.774022,-10.944124
38.504427,7.258169,25.778085,-10.948332
38.680247,7.257669,25.782147,-10.952541
38.856066,7.257155,25.786209,-10.95675
39.031885,7.256628,25.790272,-10.960958
39.207704,7.256088,25.794334,-10.965166
39.383524,7.255534,25.798398,-10.969374
39.559343,7.254966,25.80246,-10.973583
39.735162,7.254385,25.806524,-10.977791
39.910982,7.25379,25.810586,-10.981999
40.086801,7.253182,25.81465,-10.986207
40.26262,7.25256,25.818712,-10.990416
40.43844,7.251925,25.822776,-10.994624
40.614259,7.251276,25.82684,-10.998831
40.790078,7.250613,25.830903,-11.00304
40.965897,7.249937,25.834967,-11.007247
41.141717,7.249247,25.839031,-11.011455
41.317536,7.248544,25.843095,-11.015663
41.493355,7.247828,25.847159,-11.01987
41.669175,7.247097,25.851223,-11.024078
41.844994,7.246353,25.855288,-11.028285
42.020813,7.245596,25.859352,-11.032494
42.196633,7.244825,25.863416,-11.036701
42.372452,7.244041,25.867481,-11.040908
42.548271,7.243243,25.871546,-11.045116
42.724091,7.242431,25.875611,-11.049323
42.89991,7.241606,25.879676,-11.05353
43.075729,7.240767,25.883741,-11.057738
43.251548,7.239915,25.887806,-11.061945
43.427368,7.239049,25.891872,-11.066152
43.603187,7.238169,25.895937,-11.070359
43.779006,7.237277,25.900003,-11.074566
43.954826,7.23637,25.904069,-11.078773
44.130645,7.23545,25.908134,-11.08298
44.306464,7.234516,25.9122,-11.087187
44.482284,7.233569,25.916267,-11.091393
44.658103,7.232609,25.920333,-11.0956
44.833922,7.231634,25.9244,-11.099806
45.009741,7.230647,25.928466,-11.104013
45.185561,7.229645,25.932532,-11.10822
45.36138,7.22863,25.936599,-11.112427
45.537199,7.227601,25.940666,-11.116633
45.713019,7.226559,25.944733,-11.120839
45.888838,7.225503,25.9488,-11.125046
46.064657,7.224434,25.952867,-11.129252
46.240477,7.223352,25.956934,-11.133458
46.416296,7.222255,25.961002,-11.137664
46.592115,7.221145,25.965069,-11.141871
46.767934,7.220022,25.969136,-11.146077
46.943754,7.218885,25.973204,-11.150283
47.119573,7.217734,25.977273,-11.154488
47.295392,7.21657,25.98134,-11.158695
47.471212,7.215392,25.985409,-11.1629
47.647031,7.214201,25.989476,-11.167106
47.82285,7.212996,25.993545,-11.171312
47.99867,7.211778,25.997614,-11.175517
48.174489,7.210546,26.001682,-11.179723
48.350308,7.2093,26.00575,-11.183929
48.526128,7.208041,26.00982,-11.188134
48.701947,7.206768,26.013888,-11.19234
48.877766,7.205482,26.017957,-11.196545
49.053585,7.204182,26.022026,-11.200751
49.229405,7.202869,26.026096,-11.204956
49.405224,7.201542,26.030165,-11.209161
49.581043,7.200201,26.034234,-11.213366
49.756863,7.198847,26.038304,-11.217571
49.932682,7.19748,26.042374,-11.221777
50.108501,7.196098,26.046444,-11.225982
50.284321,7.194703,26.050514,-11.230187
50.46014,7.193295,26.054584,-11.234391
50.635959,7.191873,26.058654,-11.238596
50.811778,7.190485,26.062725,-11.242801
50.987598,7.190726,26.066795,-11.247006
51.163417,7.193055,26.070865,-11.251211
51.339236,7.196036,26.074936,-11.255415
51.515056,7.199071,26.079007,-11.25962
51.690875,7.202161,26.083078,-11.263824
51.866694,7.205306,26.087149,-11.268029
52.042514,7.208506,26.09122,-11.272233
52.218333,7.211761,26.095291,-11.276438
52.394152,7.21507,26.099363,-11.280641
52.569971,7.218434,26.103434,-11.284846
52.745791,7.221854,26.107506,-11.28905
52.92161,7.225328,26.111578,-11.293254
53.097429,7.228857,26.11565,-11.297459
53.273249,7.23244,26.119722,-11.301663
53.449068,7.236079,26.123794,-11.305867
53.624887,7.239772,26.127866,-11.310071
53.800707,7.24352,26.131938,-11.314274
53.976526,7.247324,26.136011,-11.318478
54.152345,7.251182,26.140083,-11.322682
54.328164,7.255095,26.144156,-11.326886
54.503984,7.259062,26.148229,-11.331089
54.679803,7.263085,26.152302,-11.335293
54.855622,7.267162,26.156375,-11.339496
55.031442,7.271295,26.160448,-11.3437
55.207261,7.275482,26.164522,-11.347903
55.38308,7.279724,26.168596,-11.352106
55.5589,7.284021,26.172669,-11.35631
55.734719,7.288373,26.176742,-11.360513
55.910538,7.292779,26.180816,-11.364716
56.086358,7.297241,26.18489,-11.36892
56.262177,7.301757,26.188964,-11.373123
56.437996,7.306329,26.193039,-11.377325
56.613815,7.310955,26.197113,-11.381529
56.789635,7.315636,26.201187,-11.385732
56.965454,7.320372,26.205261,-11.389934
57.141273,7.325162,26.209336,-11.394137
57.317093,7.330008,26.213411,-11.39834
57.492912,7.334909,26.217486,-11.402543
57.668731,7.339864,26.221561,-11.406745
57.844551,7.344875,26.225636,-11.410948
58.02037,7.34994,26.229711,-11.41515
58.196189,7.35506,26.233787,-11.419353
58.372008,7.360235,26.237862,-11.423555
58.547828,7.365465,26.241938,-11.427758
58.723647,7.37075,26.246013,-11.43196
58.899466,7.375948,26.250089,-11.436162
59.075286,7.380942,26.254165,-11.440364
59.251105,7.385684,26.258241,-11.444566
59.426924,7.390316,26.262317,-11.448768
59.602744,7.394838,26.266394,-11.45297
59.778563,7.399251,26.27047,-11.457172
59.954382,7.403555,26.274547,-11.461374
60.130201,7.407748,26.278624,-11.465576
60.306021,7.411832,26.2827,-11.469778
60.48184,7.415807,26.286777,-11.47398
60.657659,7.419672,26.290854,-11.478181
60.833479,7.423428,26.294932,-11.482383
61.009298,7.427074,26.299009,-11.486585
61.185117,7.43061,26.303086,-11.490786
61.360937,7.434037,26.307164,-11.494988
61.536756,7.437354,26.311242,-11.499189
61.712575,7.440562,26.315319,-11.50339
61.888394,7.44366,26.319397,-11.507592
62.064214,7.446648,26.323475,-11.511793
62.240033,7.449527,26.327553,-11.515994
62.415852,7.452296,26.331632,-11.520195
62.591672,7.454956,26.33571,-11.524396
62.767491,7.457505,26.339789,-11.528597
62.94331,7.459946,26.343867,-11.532798
63.11913,7.462277,26.347947,-11.536998
63.294949,7.464498,26.352025,-11.5412
63.470768,7.46661,26.356104,-11.5454
63.646588,7.468611,26.360183,-11.549601
63.822407,7.470504,26.364262,-11.553802
63.998226,7.472286,26.368342,-11.558002
64.174045,7.473959,26.372421,-11.562203
64.349865,7.475523,26.376501,-11.566403
64.525684,7.476977,26.380581,-11.570604
64.701503,7.478321,26.38466,-11.574804
64.877323,7.479556,26.38874,-11.579005
65.053142,7.480681,26.392821,-11.583205
65.228961,7.481696,26.396901,-11.587405
65.404781,7.482601,26.400981,-11.591605
65.5806,7.483397,26.405062,-11.595805
65.756419,7.484084,26.409143,-11.600005
65.932238,7.484661,26.413223,-11.604205
66.108058,7.485128,26.417304,-11.608405
66.283877,7.485485,26.421385,-11.612605
66.459696,7.485733,26.425466,-11.616805
66.635516,7.485871,26.429547,-11.621005
66.811335,7.485899,26.433628,-11.625204
66.987154,7.485818,26.43771,-11.629404
67.162974,7.485627,26.441792,-11.633603
67.338793,7.485327,26.445873,-11.637803
67.514612,7.484916,26.449955,-11.642002
67.690431,7.484396,26.454037,-11.646202
67.866251,7.483767,26.458119,-11.650401
68.04207,7.483027,26.462201,-11.6546
68.217889,7.482178,26.466284,-11.6588
68.393709,7.48122,26.470366,-11.662999
68.569528,7.480151,26.474449,-11.667198
68.745347,7.478973,26.478532,-11.671396
68.921167,7.477685,26.482614,-11.675596
69.096986,7.476288,26.486697,-11.679795
69.272805,7.474781,26.49078,-11.683994
69.448625,7.473164,26.494863,-11.688193
69.624444,7.471437,26.498947,-11.692391
69.800263,7.469601,26.50303,-11.69659
69.976082,7.467655,26.507114,-11.700789
70.151902,7.465599,26.511197,-11.704987
70.327721,7.463434,26.515281,-11.709186
70.50354,7.461159,26.519365,-11.713384
70.67936,7.458774,26.52345,-11.717582
70.855179,7.456279,26.527533,-11.721781
71.030998,7.453675,26.531618,-11.725979
71.206818,7.450961,26.535702,-11.730178
71.382637,7.448137,26.539787,-11.734376
71.558456,7.445203,26.543871,-11.738574
71.734275,7.44216,26.547956,-11.742772
71.910095,7.438952,26.552041,-11.74697
72.085914,7.435699,26.556126,-11.751168
72.261733,7.432491,26.560211,-11.755366
72.437553,7.429351,26.564297,-11.759564
72.613372,7.426281,26.568382,-11.763761
72.789191,7.423279,26.572468,-11.767959
72.965011,7.420345,26.576553,-11.772157
73.14083,7.417481,26.580639,-11.776354
73.316649,7.414684,26.584725,-11.780552
73.492468,7.411957,26.588811,-11.784749
73.668288,7.409298,26.592897,-11.788947
73.844107,7.406708,26.596984,-11.793144
74.019926,7.404186,26.60107,-11.797341
74.195746,7.401733,26.605157,-11.801539
74.371565,7.399348,26.609243,-11.805736
74.547384,7.397032,26.61333,-11.809933
74.723204,7.394785,26.617417,-11.81413
74.899023,7.392607,26.621504,-11.818327
75.074842,7.390497,26.625591,-11.822524
75.250661,7.388455,26.629679,-11.826721
75.426481,7.386483,26.633766,-11.830918
75.6023,7.384579,26.637854,-11.835115
75.778119,7.382744,26.641941,-11.839311
75.953939,7.380977,26.646029,-11.843508
76.129758,7.379279,26.650117,-11.847705
76.305577,7.377649,26.654205,-11.851901
76.481397,7.376088,26.658293,-11.856098
76.657216,7.374596,26.662381,-11.860294
76.833035,7.373173,26.66647,-11.86449
77.008855,7.371818,26.670558,-11.868687
77.184674,7.370532,26.674647,-11.872883
77.360493,7.369314,26.678736,-11.877079
77.536312,7.368166,26.682825,-11.881275
77.712132,7.367086,26.686914,-11.885471
77.887951,7.366074,26.691003,-11.889667
78.06377,7.365131,26.695092,-11.893863
78.23959,7.364257,26.699182,-11.898059
78.415409,7.363451,26.703272,-11.902255
78.591228,7.362715,26.707361,-11.906451
78.767048,7.362046,26.711451,-11.910647
78.942867,7.361447,26.715541,-11.914842
79.118686,7.360916,26.719631,-11.919038
79.294505,7.360454,26.723721,-11.923233
79.470325,7.360061,26.727812,-11.927429
79.646144,7.359736,26.731902,-11.931624
79.821963,7.35948,26.735993,-11.935819
79.997783,7.359292,26.740083,-11.940015
80.173602,7.359173,26.744175,-11.94421
80.349421,7.359217,26.748266,-11.948405
80.525241,7.359683,26.752356,-11.952601
80.70106,7.360559,26.756447,-11.956796
80.876879,7.36145,26.760539,-11.960991
81.052698,7.362313,26.76463,-11.965186
81.228518,7.363149,26.768722,-11.969381
81.404337,7.363957,26.772814,-11.973575
81.580156,7.364738,26.776905,-11.97777
81.755976,7.365492,26.780997,-11.981965
81.931795,7.366218,26.785089,-11.98616
82.107614,7.366916,26.789182,-11.990354
82.283434,7.367588,26.793274,-11.994549
82.459253,7.368232,26.797367,-11.998743
82.635072,7.368848,26.801459,-12.002938
82.810891,7.369437,26.805552,-12.007132
82.986711,7.369999,26.809645,-12.011326
83.16253,7.370533,26.813738,-12.015521
83.338349,7.37104,26.817831,-12.019715
83.514169,7.37152,26.821924,-12.023909
83.689988,7.371972,26.826017,-12.028103
83.865807,7.372397,26.830111,-12.032297
84.041627,7.372794,26.834205,-12.03649
84.217446,7.373164,26.838298,-12.040685
84.393265,7.373506,26.842392,-12.044879
84.569085,7.373821,26.846486,-12.049072
84.744904,7.374109,26.85058,-12.053266
84.920723,7.374369,26.854675,-12.05746
85.096542,7.374602,26.858769,-12.061653
85.272362,7.374807,26.862864,-12.065847
85.448181,7.374986,26.866958,-12.07004
85.624,7.375136,26.871053,-12.074234
85.79982,7.375259,26.875148,-12.078427
85.975639,7.375355,26.879243,-12.08262
86.151458,7.375424,26.883338,-12.086814
86.327278,7.375465,26.887433,-12.091007
86.503097,7.375478,26.891529,-12.0952
86.678916,7.375464,26.895624,-12.099393
86.854735,7.375423,26.89972,-12.103586
87.030555,7.375354,26.903816,-12.107779
87.206374,7.375258,26.907912,-12.111972
87.382193,7.375134,26.912008,-12.116165
87.558013,7.374983,26.916104,-12.120357
87.733832,7.374805,26.920201,-12.12455
87.909651,7.374599,26.924297,-12.128743
88.085471,7.374366,26.928394,-12.132935
88.26129,7.374105,26.93249,-12.137128
88.437109,7.373817,26.936587,-12.14132
88.612928,7.373502,26.940684,-12.145513
88.788748,7.373159,26.944781,-12.149705
88.964567,7.372789,26.948878,-12.153897
89.140386,7.372391,26.952976,-12.158089
89.316206,7.371966,26.957073,-12.162282
89.492025,7.371513,26.961171,-12.166474
89.667844,7.371033,26.965269,-12.170666
89.843664,7.370525,26.969366,-12.174858
90.019483,7.36999,26.973464,-12.17905
90.195302,7.369428,26.977563,-12.183241
90.371122,7.368838,26.981661,-12.187433
90.546941,7.368221,26.985759,-12.191625
90.72276,7.367576,26.989858,-12.195817
90.898579,7.366904,26.993956,-12.200008
91.074399,7.366205,26.998055,-12.2042
91.250218,7.365478,27.002155,-12.208391
91.426037,7.364723,27.006253,-12.212583
91.601857,7.363942,27.010352,-12.216774
91.777676,7.363132,27.014452,-12.220965
91.953495,7.362296,27.018551,-12.225156
92.129315,7.361431,27.022651,-12.229348
92.305134,7.36054,27.02675,-12.233539
92.480953,7.359621,27.03085,-12.23773
92.656772,7.358675,27.03495,-12.241921
92.832592,7.359198,27.03905,-12.246112
93.008411,7.361465,27.04315,-12.250303
93.18423,7.36496,27.047251,-12.254493
93.36005,7.368414,27.051351,-12.258684
93.535869,7.371826,27.055452,-12.262875
93.711688,7.375197,27.059553,-12.267066
93.887508,7.378527,27.063653,-12.271256
94.063327,7.381815,27.067754,-12.275447
94.239146,7.385062,27.071856,-12.279637
94.414965,7.388269,27.075957,-12.283827
94.590785,7.391433,27.080058,-12.288018
94.766604,7.394557,27.08416,-12.292208
94.942423,7.397639,27.088262,-12.296398
95.118243,7.40068,27.092363,-12.300588
95.294062,7.40368,27.096465,-12.304778
95.469881,7.406638,27.100567,-12.308968
95.645701,7.409555,27.104669,-12.313158
95.82152,7.412431,27.108772,-12.317348
95.997339,7.415266,27.112874,-12.321538
96.173158,7.418059,27.116977,-12.325728
96.348978,7.420811,27.121079,-12.329918
96.524797,7.423522,27.125182,-12.334107
96.700616,7.426192,27.129285,-12.338297
96.876436,7.42882,27.133388,-12.342486
97.052255,7.431407,27.137491,-12.346676
97.228074,7.433952,27.141595,-12.350865
97.403894,7.436457,27.145698,-12.355055
97.579713,7.43892,27.149802,-12.359244
97.755532,7.441342,27.153905,-12.363433
97.931352,7.443722,27.158009,-12.367622
98.107171,7.446062,27.162113,-12.371811
98.28299,7.448359,27.166217,-12.376001
98.458809,7.450616,27.170322,-12.380189
98.634629,7.452831,27.174426,-12.384378
98.810448,7.455006,27.178531,-12.388567
98.986267,7.457139,27.182635,-12.392756
99.162087,7.45923,27.18674,-12.396945
99.337906,7.46128,27.190845,-12.401133
99.513725,7.463289,27.19495,-12.405322
99.689545,7.465257,27.199055,-12.409511
99.865364,7.467183,27.203161,-12.413699
100.041183,7.469068,27.207266,-12.417888
100.217002,7.470912,27.211372,-12.422076
100.392822,7.472714,27.215477,-12.426264
100.568641,7.474475,27.219583,-12.430452
100.74446,7.476195,27.22369,-12.43464
100.92028,7.477874,27.227795,-12.438829
101.096099,7.479511,27.231902,-12.443017
101.271918,7.481107,27.236008,-12.447205
101.447738,7.482662,27.240115,-12.451393
101.623557,7.484175,27.244221,-12.455581
101.799376,7.485887,27.248328,-12.459768
101.975195,7.490767,27.252435,-12.463956
102.151015,7.497355,27.256542,-12.468144
102.326834,7.504397,27.260649,-12.472331
102.502653,7.511426,27.264756,-12.476519
102.678473,7.518442,27.268864,-12.480706
102.854292,7.525443,27.272971,-12.484894
103.030111,7.532431,27.277079,-12.489081
103.205931,7.539405,27.281187,-12.493269
103.38175,7.546366,27.285295,-12.497456
103.557569,7.553313,27.289403,-12.501643
103.733388,7.560247,27.293511,-12.50583
103.909208,7.567166,27.29762,-12.510017
104.085027,7.574073,27.301728,-12.514204
104.260846,7.580965,27.305837,-12.518391
104.436666,7.587844,27.309946,-12.522578
104.612485,7.59471,27.314055,-12.526765
104.788304,7.601562,27.318164,-12.530952
104.964124,7.6084,27.322273,-12.535138
105.139943,7.615224,27.326382,-12.539325
105.315762,7.622035,27.330492,-12.543511
105.491582,7.628833,27.334601,-12.547698
105.667401,7.635616,27.338711,-12.551884
105.84322,7.642386,27.342821,-12.556071
106.019039,7.649143,27.346931,-12.560257
106.194859,7.655886,27.351041,-12.564443
106.370678,7.662615,27.355151,-12.568629
106.546497,7.669331,27.359262,-12.572815
106.722317,7.676033,27.363372,-12.577002
106.898136,7.682721,27.367483,-12.581188
107.073955,7.689396,27.371593,-12.585374
107.249775,7.696057,27.375704,-12.589559
107.425594,7.702705,27.379815,-12.593745
107.601413,7.709339,27.383927,-12.597931
107.777232,7.715959,27.388038,-12.602117
107.953052,7.722566,27.392149,-12.606302
108.128871,7.729159,27.396261,-12.610488
108.30469,7.735738,27.400373,-12.614673
108.48051,7.742304,27.404484,-12.618859
108.656329,7.748856,27.408596,-12.623044
108.832148,7.755395,27.412709,-12.627229
109.007968,7.76192,27.416821,-12.631415
109.183787,7.768431,27.420933,-12.6356
109.359606,7.774929,27.425046,-12.639785
109.535425,7.781413,27.429158,-12.64397
109.711245,7.787884,27.433271,-12.648155
109.887064,7.79434,27.437384,-12.65234
110.062883,7.800783,27.441497,-12.656525
110.238703,7.807213,27.44561,-12.66071
110.414522,7.813629,27.449724,-12.664894
110.590341,7.820031,27.453837,-12.669079
110.766161,7.82642,27.457951,-12.673264
110.94198,7.832795,27.462065,-12.677448
111.117799,7.839157,27.466178,-12.681633
111.293619,7.845505,27.470292,-12.685817
111.469438,7.851839,27.474407,-12.690001
111.645257,7.858159,27.478521,-12.694186
111.821076,7.864466,27.482635,-12.69837
111.996896,7.87076,27.48675,-12.702554
112.172715,7.877039,27.490865,-12.706738
112.348534,7.883305,27.494979,-12.710922
112.524354,7.889558,27.499094,-12.715106
112.700173,7.895797,27.503209,-12.71929
112.875992,7.902022,27.507325,-12.723474
113.051812,7.908234,27.51144,-12.727658
113.227631,7.914431,27.515556,-12.731842
113.40345,7.920616,27.519671,-12.736025
113.579269,7.926786,27.523787,-12.740209
113.755089,7.932944,27.527903,-12.744392
113.930908,7.937325,27.532019,-12.748576
114.106727,7.941095,27.536135,-12.752759
114.282547,7.94457,27.540251,-12.756943
114.458366,7.947935,27.544368,-12.761126
114.634185,7.95119,27.548485,-12.765309
114.810005,7.954335,27.552601,-12.769492
114.985824,7.95737,27.556718,-12.773675
115.161643,7.960295,27.560835,-12.777858
115.337462,7.963109,27.564952,-12.782041
115.513282,7.965814,27.56907,-12.786224
115.689101,7.968409,27.573187,-12.790407
115.86492,7.970893,27.577304,-12.79459
116.04074,7.973268,27.581422,-12.798772
116.216559,7.975533,27.58554,-12.802955
116.392378,7.977687,27.589658,-12.807138
116.568198,7.979731,27.593776,-12.81132
116.744017,7.981665,27.597894,-12.815503
116.919836,7.98349,27.602013,-12.819685
117.095655,7.985204,27.606131,-12.823867
117.271475,7.986808,27.61025,-12.82805
117.447294,7.988302,27.614369,-12.832232
117.623113,7.989686,27.618487,-12.836414
117.798933,7.990959,27.622607,-12.840596
117.974752,7.992123,27.626726,-12.844778
118.150571,7.993177,27.630845,-12.84896
118.326391,7.99412,27.634964,-12.853142
118.50221,7.994954,27.639084,-12.857324
118.678029,7.995677,27.643204,-12.861505
118.853849,7.99629,27.647324,-12.865687
119.029668,7.996794,27.651444,-12.869869
119.205487,7.997186,27.655564,-12.87405
119.381306,7.997469,27.659684,-12.878232
119.557126,7.997642,27.663805,-12.882413
119.732945,7.997705,27.667925,-12.886594
119.908764,7.997657,27.672046,-12.890776
120.084584,7.9975,27.676167,-12.894957
120.260403,7.997232,27.680288,-12.899138
120.436222,7.996854,27.684409,-12.903319
120.612042,7.996366,27.68853,-12.9075
120.787861,7.995768,27.692651,-12.911681
120.96368,7.99506,27.696773,-12.915862
121.139499,7.994242,27.700895,-12.920043
121.315319,7.993313,27.705016,-12.924224
121.491138,7.992274,27.709138,-12.928405
121.666957,7.991125,27.71326,-12.932585
121.842777,7.989867,27.717383,-12.936766
122.018596,7.988497,27.721505,-12.940946
122.194415,7.987018,27.725627,-12.945127
122.370235,7.985429,27.72975,-12.949307
122.546054,7.983729,27.733873,-12.953487
122.721873,7.981919,27.737996,-12.957668
122.897692,7.979999,27.742119,-12.961848
123.073512,7.977969,27.746242,-12.966028
123.073512,7.977969,27.746242,-12.966028