position,Clinopyroxene Abundance,lon,lat
0,14.298375,24.891148,-10.025402
0.175819,13.820833,24.895186,-10.029622
0.351639,13.87938,24.899224,-10.033842
0.527458,14.331405,24.903263,-10.038061
0.703277,14.498761,24.907302,-10.04228
0.879097,13.906851,24.91134,-10.0465
1.054916,13.454429,24.915379,-10.050719
1.230735,13.410557,24.919417,-10.05494
1.406554,13.473417,24.923456,-10.059159
1.582374,13.736612,24.927495,-10.063378
1.758193,14.521645,24.931534,-10.067597
1.934012,14.350419,24.935573,-10.071817
2.109832,15.005843,24.939613,-10.076036
2.285651,14.707909,24.943652,-10.080255
2.46147,13.867612,24.947691,-10.084475
2.63729,13.751956,24.951731,-10.088694
2.813109,15.491687,24.95577,-10.092913
2.988928,16.834307,24.959811,-10.097131
3.164747,17.058801,24.963851,-10.10135
3.340567,16.000213,24.967891,-10.105569
3.516386,14.734257,24.97193,-10.109789
3.692205,14.452543,24.975971,-10.114007
3.868025,14.017358,24.980011,-10.118225
4.043844,13.970402,24.984051,-10.122445
4.219663,14.840328,24.988092,-10.126663
4.395483,15.603957,24.992132,-10.130882
4.571302,13.459314,24.996173,-10.135101
4.747121,11.722316,25.000214,-10.139319
4.92294,11.899787,25.004255,-10.143537
5.09876,12.755936,25.008296,-10.147756
5.274579,12.639731,25.012338,-10.151974
5.450398,12.026495,25.016378,-10.156193
5.626218,10.643239,25.02042,-10.160411
5.802037,11.858239,25.024462,-10.164629
5.977856,11.303963,25.028503,-10.168847
6.153676,9.603979,25.032545,-10.173065
6.329495,11.984156,25.036587,-10.177283
6.505314,11.718809,25.040629,-10.181501
6.681133,11.969095,25.044671,-10.185719
6.856953,12.407875,25.048713,-10.189937
7.032772,12.14601,25.052755,-10.194155
7.208591,11.223792,25.056797,-10.198373
7.384411,12.609599,25.06084,-10.20259
7.56023,13.243297,25.064882,-10.206809
7.736049,14.991746,25.068925,-10.211026
7.911869,17.576419,25.072967,-10.215244
8.087688,19.472593,25.077011,-10.219461
8.263507,17.882159,25.081053,-10.223679
8.439327,18.302217,25.085096,-10.227897
8.615146,16.883421,25.08914,-10.232114
8.790965,14.802558,25.093183,-10.236331
8.966784,15.031403,25.097227,-10.240548
9.142604,15.097398,25.101271,-10.244765
9.318423,14.433102,25.105314,-10.248983
9.494242,15.667097,25.109357,-10.2532
9.670062,17.482755,25.113402,-10.257417
9.845881,16.098069,25.117445,-10.261634
10.0217,15.637912,25.12149,-10.265851
10.19752,17.647382,25.125533,-10.270068
10.373339,19.264848,25.129578,-10.274285
10.549158,19.187613,25.133622,-10.278502
10.724977,16.770701,25.137667,-10.282719
10.900797,15.957065,25.141712,-10.286935
11.076616,15.446735,25.145756,-10.291152
11.252435,15.63857,25.149801,-10.295369
11.428255,14.476669,25.153846,-10.299586
11.604074,16.584733,25.157891,-10.303802
11.779893,15.864731,25.161936,-10.308019
11.955713,17.264408,25.165981,-10.312235
12.131532,15.782468,25.170026,-10.316452
12.307351,12.876238,25.174072,-10.320668
12.48317,11.25254,25.178118,-10.324884
12.65899,13.012702,25.182163,-10.329101
12.834809,13.970922,25.186209,-10.333317
13.010628,14.143667,25.190255,-10.337533
13.186448,14.298804,25.194301,-10.341749
13.362267,12.86702,25.198347,-10.345965
13.538086,13.061848,25.202393,-10.350181
13.713906,13.378833,25.20644,-10.354397
13.889725,13.059264,25.210486,-10.358613
14.065544,11.51488,25.214533,-10.362829
14.241364,11.935538,25.218579,-10.367045
14.417183,11.685842,25.222627,-10.37126
14.593002,9.827143,25.226673,-10.375476
14.768821,9.511345,25.23072,-10.379692
14.944641,11.004554,25.234767,-10.383908
15.12046,12.665878,25.238814,-10.388123
15.296279,13.476381,25.242861,-10.392339
15.472099,13.199961,25.24691,-10.396554
15.647918,12.898407,25.250957,-10.400769
15.823737,12.415402,25.255004,-10.404985
15.999557,10.428275,25.259052,-10.4092
16.175376,10.342801,25.2631,-10.413415
16.351195,13.120047,25.267148,-10.417631
16.527014,14.433289,25.271196,-10.421846
16.702834,15.088777,25.275244,-10.426061
16.878653,15.228732,25.279293,-10.430276
17.054472,12.861988,25.283341,-10.434491
17.230292,11.343807,25.287389,-10.438706
17.406111,10.648599,25.291438,-10.442921
17.58193,11.115603,25.295487,-10.447136
17.75775,9.947941,25.299536,-10.45135
17.933569,10.033971,25.303584,-10.455565
18.109388,9.432891,25.307633,-10.45978
18.285207,9.634471,25.311683,-10.463994
18.461027,11.527721,25.315732,-10.468209
18.636846,10.853251,25.319782,-10.472423
18.812665,10.814237,25.323831,-10.476638
18.988485,12.425534,25.327881,-10.480853
19.164304,14.264063,25.33193,-10.485067
19.340123,15.520466,25.33598,-10.489282
19.515943,15.166183,25.34003,-10.493496
19.691762,13.498914,25.34408,-10.49771
19.867581,12.488172,25.34813,-10.501924
20.0434,11.104898,25.352181,-10.506138
20.21922,9.602573,25.356231,-10.510352
20.395039,8.076875,25.360281,-10.514566
20.570858,7.705904,25.364332,-10.51878
20.746678,7.794827,25.368383,-10.522994
20.922497,7.209522,25.372434,-10.527208
21.098316,6.770234,25.376485,-10.531422
21.274136,7.547781,25.380536,-10.535636
21.449955,9.234813,25.384587,-10.53985
21.625774,10.224122,25.388638,-10.544063
21.801594,8.751915,25.39269,-10.548277
21.977413,7.204479,25.396741,-10.55249
22.153232,7.924507,25.400793,-10.556703
22.329051,9.454257,25.404845,-10.560917
22.504871,12.761215,25.408896,-10.565131
22.68069,13.941732,25.412949,-10.569344
22.856509,13.389706,25.417,-10.573558
23.032329,14.948267,25.421052,-10.577771
23.208148,14.495777,25.425105,-10.581984
23.383967,13.749118,25.429157,-10.586197
23.559787,14.657765,25.43321,-10.59041
23.735606,15.059154,25.437263,-10.594623
23.911425,14.835524,25.441315,-10.598836
24.087244,14.115325,25.445368,-10.603049
24.263064,10.832256,25.449421,-10.607262
24.438883,6.944685,25.453474,-10.611475
24.614702,5.121872,25.457527,-10.615688
24.790522,4.946645,25.46158,-10.619901
24.966341,4.513988,25.465634,-10.624113
25.14216,4.647648,25.469687,-10.628326
25.31798,4.948377,25.473741,-10.632538
25.493799,6.267617,25.477794,-10.636751
25.669618,7.187646,25.481848,-10.640963
25.845437,7.208801,25.485902,-10.645176
26.021257,7.387447,25.489956,-10.649388
26.197076,7.420526,25.494011,-10.653601
26.372895,7.815582,25.498065,-10.657813
26.548715,6.052446,25.502119,-10.662025
26.724534,6.252119,25.506174,-10.666237
26.900353,6.444648,25.510228,-10.670449
27.076173,6.83142,25.514283,-10.674661
27.251992,5.686995,25.518339,-10.678873
27.427811,6.545004,25.522393,-10.683085
27.60363,7.902021,25.526448,-10.687297
27.77945,8.346286,25.530503,-10.691509
27.955269,8.823533,25.534559,-10.695721
28.131088,9.339919,25.538614,-10.699933
28.306908,9.959995,25.542669,-10.704144
28.482727,11.178442,25.546725,-10.708356
28.658546,13.651185,25.550782,-10.712567
28.834366,14.373744,25.554837,-10.716779
29.010185,12.773877,25.558893,-10.720991
29.186004,11.2439,25.562949,-10.725202
29.361824,9.793898,25.567006,-10.729413
29.537643,9.436306,25.571061,-10.733625
29.713462,9.24057,25.575118,-10.737836
29.889281,8.811753,25.579174,-10.742047
30.065101,9.691606,25.583231,-10.746258
30.24092,9.910871,25.587288,-10.75047
30.416739,11.180642,25.591345,-10.754681
30.592559,11.599727,25.595402,-10.758892
30.768378,10.789515,25.599459,-10.763103
30.944197,10.666377,25.603517,-10.767313
31.120017,11.337101,25.607573,-10.771524
31.295836,10.602058,25.611631,-10.775735
31.471655,10.673549,25.615688,-10.779946
31.647474,10.295635,25.619746,-10.784157
31.823294,9.885092,25.623804,-10.788367
31.999113,9.847188,25.627862,-10.792578
32.174932,10.095162,25.63192,-10.796788
32.350752,9.913352,25.635978,-10.800999
32.526571,10.666138,25.640036,-10.805209
32.70239,11.049703,25.644095,-10.809419
32.87821,11.273639,25.648153,-10.81363
33.054029,11.571422,25.652212,-10.81784
33.229848,11.245855,25.656271,-10.82205
33.405667,12.371331,25.660329,-10.826261
33.581487,13.22851,25.664388,-10.830471
33.757306,12.07907,25.668447,-10.834681
33.933125,12.280643,25.672506,-10.838891
34.108945,11.901073,25.676566,-10.843101
34.284764,11.714235,25.680626,-10.84731
34.460583,10.022853,25.684684,-10.851521
34.636403,9.528325,25.688744,-10.85573
34.812222,9.045683,25.692804,-10.85994
34.988041,8.129174,25.696864,-10.86415
35.163861,7.130074,25.700924,-10.868359
35.33968,7.861426,25.704984,-10.872569
35.515499,7.385289,25.709044,-10.876779
35.691318,8.148338,25.713104,-10.880988
35.867138,7.742819,25.717165,-10.885197
36.042957,7.562452,25.721226,-10.889406
36.218776,8.021895,25.725286,-10.893616
36.394596,8.310143,25.729346,-10.897825
36.570415,7.325358,25.733407,-10.902035
36.746234,6.943369,25.737468,-10.906244
36.922054,7.228165,25.741529,-10.910453
37.097873,7.545059,25.745591,-10.914662
37.273692,7.535654,25.749653,-10.91887
37.449511,8.053554,25.753713,-10.92308
37.625331,8.403761,25.757775,-10.927289
37.80115,8.099141,25.761837,-10.931498
37.976969,9.273385,25.765899,-10.935706
38.152789,8.841292,25.76996,-10.939915
38.328608,8.432289,25.774022,-10.944124
38.504427,7.716659,25.778085,-10.948332
38.680247,6.556904,25.782147,-10.952541
38.856066,6.256825,25.786209,-10.95675
39.031885,6.073386,25.790272,-10.960958
39.207704,6.122852,25.794334,-10.965166
39.383524,6.169124,25.798398,-10.969374
39.559343,6.69756,25.80246,-10.973583
39.735162,6.911164,25.806524,-10.977791
39.910982,7.221477,25.810586,-10.981999
40.086801,7.860351,25.81465,-10.986207
40.26262,9.025433,25.818712,-10.990416
40.43844,9.226613,25.822776,-10.994624
40.614259,8.862331,25.82684,-10.998831
40.790078,10.962804,25.830903,-11.00304
40.965897,11.366732,25.834967,-11.007247
41.141717,11.040481,25.839031,-11.011455
41.317536,10.251203,25.843095,-11.015663
41.493355,10.930473,25.847159,-11.01987
41.669175,9.521605,25.851223,-11.024078
41.844994,9.187437,25.855288,-11.028285
42.020813,9.004629,25.859352,-11.032494
42.196633,8.567152,25.863416,-11.036701
42.372452,9.024841,25.867481,-11.040908
42.548271,8.446289,25.871546,-11.045116
42.724091,8.424171,25.875611,-11.049323
42.89991,8.068101,25.879676,-11.05353
43.075729,7.622223,25.883741,-11.057738
43.251548,8.050047,25.887806,-11.061945
43.427368,7.55413,25.891872,-11.066152
43.603187,7.654011,25.895937,-11.070359
43.779006,8.441633,25.900003,-11.074566
43.954826,9.992715,25.904069,-11.078773
44.130645,9.895315,25.908134,-11.08298
44.306464,10.174136,25.9122,-11.087187
44.482284,9.996395,25.916267,-11.091393
44.658103,7.849004,25.920333,-11.0956
44.833922,6.334537,25.9244,-11.099806
45.009741,6.306398,25.928466,-11.104013
45.185561,7.210689,25.932532,-11.10822
45.36138,7.077124,25.936599,-11.112427
45.537199,6.615693,25.940666,-11.116633
45.713019,7.197179,25.944733,-11.120839
45.888838,7.33882,25.9488,-11.125046
46.064657,7.338043,25.952867,-11.129252
46.240477,7.039544,25.956934,-11.133458
46.416296,6.339397,25.961002,-11.137664
46.592115,5.169826,25.965069,-11.141871
46.767934,4.366811,25.969136,-11.146077
46.943754,4.422649,25.973204,-11.150283
47.119573,6.000821,25.977273,-11.154488
47.295392,8.522694,25.98134,-11.158695
47.471212,9.609414,25.985409,-11.1629
47.647031,8.128413,25.989476,-11.167106
47.82285,7.157693,25.993545,-11.171312
47.99867,6.947235,25.997614,-11.175517
48.174489,6.490058,26.001682,-11.179723
48.350308,5.647772,26.00575,-11.183929
48.526128,6.69283,26.00982,-11.188134
48.701947,8.395971,26.013888,-11.19234
48.877766,9.894404,26.017957,-11.196545
49.053585,8.368994,26.022026,-11.200751
49.229405,6.230242,26.026096,-11.204956
49.405224,6.016704,26.030165,-11.209161
49.581043,5.50175,26.034234,-11.213366
49.756863,5.150907,26.038304,-11.217571
49.932682,5.95357,26.042374,-11.221777
50.108501,7.635746,26.046444,-11.225982
50.284321,7.058649,26.050514,-11.230187
50.46014,6.221114,26.054584,-11.234391
50.635959,5.9941,26.058654,-11.238596
50.811778,5.993298,26.062725,-11.242801
50.987598,8.94247,26.066795,-11.247006
51.163417,10.783839,26.070865,-11.251211
51.339236,9.320722,26.074936,-11.255415
51.515056,9.13016,26.079007,-11.25962
51.690875,10.804058,26.083078,-11.263824
51.866694,11.499043,26.087149,-11.268029
52.042514,10.362631,26.09122,-11.272233
52.218333,9.423638,26.095291,-11.276438
52.394152,9.189432,26.099363,-11.280641
52.569971,10.103009,26.103434,-11.284846
52.745791,11.961211,26.107506,-11.28905
52.92161,11.607658,26.111578,-11.293254
53.097429,9.488876,26.11565,-11.297459
53.273249,9.01656,26.119722,-11.301663
53.449068,9.684704,26.123794,-11.305867
53.624887,11.464064,26.127866,-11.310071
53.800707,10.616109,26.131938,-11.314274
53.976526,9.230455,26.136011,-11.318478
54.152345,8.820816,26.140083,-11.322682
54.328164,7.156938,26.144156,-11.326886
54.503984,5.610181,26.148229,-11.331089
54.679803,7.033647,26.152302,-11.335293
54.855622,7.396688,26.156375,-11.339496
55.031442,7.023874,26.160448,-11.3437
55.207261,8.288946,26.164522,-11.347903
55.38308,9.964676,26.168596,-11.352106
55.5589,11.110555,26.172669,-11.35631
55.734719,9.375415,26.176742,-11.360513
55.910538,8.057674,26.180816,-11.364716
56.086358,10.254629,26.18489,-11.36892
56.262177,11.557451,26.188964,-11.373123
56.437996,10.981805,26.193039,-11.377325
56.613815,11.575885,26.197113,-11.381529
56.789635,13.326516,26.201187,-11.385732
56.965454,11.292952,26.205261,-11.389934
57.141273,11.848674,26.209336,-11.394137
57.317093,10.24157,26.213411,-11.39834
57.492912,8.027085,26.217486,-11.402543
57.668731,7.690364,26.221561,-11.406745
57.844551,9.86703,26.225636,-11.410948
58.02037,11.929262,26.229711,-11.41515
58.196189,13.059543,26.233787,-11.419353
58.372008,13.722906,26.237862,-11.423555
58.547828,11.252649,26.241938,-11.427758
58.723647,8.78569,26.246013,-11.43196
58.899466,6.58259,26.250089,-11.436162
59.075286,5.084983,26.254165,-11.440364
59.251105,4.134605,26.258241,-11.444566
59.426924,5.210536,26.262317,-11.448768
59.602744,6.901223,26.266394,-11.45297
59.778563,6.455283,26.27047,-11.457172
59.954382,7.682681,26.274547,-11.461374
60.130201,8.802635,26.278624,-11.465576
60.306021,11.207113,26.2827,-11.469778
60.48184,11.063361,26.286777,-11.47398
60.657659,9.960704,26.290854,-11.478181
60.833479,9.726053,26.294932,-11.482383
61.009298,9.143695,26.299009,-11.486585
61.185117,9.000158,26.303086,-11.490786
61.360937,10.454974,26.307164,-11.494988
61.536756,9.917128,26.311242,-11.499189
61.712575,9.373582,26.315319,-11.50339
61.888394,8.420697,26.319397,-11.507592
62.064214,7.391424,26.323475,-11.511793
62.240033,6.202564,26.327553,-11.515994
62.415852,6.052092,26.331632,-11.520195
62.591672,6.337132,26.33571,-11.524396
62.767491,6.752491,26.339789,-11.528597
62.94331,7.527383,26.343867,-11.532798
63.11913,10.096528,26.347947,-11.536998
63.294949,7.656479,26.352025,-11.5412
63.470768,6.662461,26.356104,-11.5454
63.646588,6.216874,26.360183,-11.549601
63.822407,7.622155,26.364262,-11.553802
63.998226,8.78264,26.368342,-11.558002
64.174045,8.874348,26.372421,-11.562203
64.349865,9.165315,26.376501,-11.566403
64.525684,9.194398,26.380581,-11.570604
64.701503,8.237873,26.38466,-11.574804
64.877323,9.562961,26.38874,-11.579005
65.053142,9.355467,26.392821,-11.583205
65.228961,10.525122,26.396901,-11.587405
65.404781,9.655515,26.400981,-11.591605
65.5806,10.331263,26.405062,-11.595805
65.756419,11.347285,26.409143,-11.600005
65.932238,11.206649,26.413223,-11.604205
66.108058,10.50689,26.417304,-11.608405
66.283877,9.868834,26.421385,-11.612605
66.459696,10.347792,26.425466,-11.616805
66.635516,12.974833,26.429547,-11.621005
66.811335,10.932582,26.433628,-11.625204
66.987154,10.184339,26.43771,-11.629404
67.162974,10.116938,26.441792,-11.633603
67.338793,9.141591,26.445873,-11.637803
67.514612,8.259739,26.449955,-11.642002
67.690431,5.621988,26.454037,-11.646202
67.866251,5.208024,26.458119,-11.650401
68.04207,6.277119,26.462201,-11.6546
68.217889,8.067709,26.466284,-11.6588
68.393709,8.987413,26.470366,-11.662999
68.569528,11.55334,26.474449,-11.667198
68.745347,11.654001,26.478532,-11.671396
68.921167,10.111506,26.482614,-11.675596
69.096986,8.296691,26.486697,-11.679795
69.272805,10.242176,26.49078,-11.683994
69.448625,11.087641,26.494863,-11.688193
69.624444,7.625237,26.498947,-11.692391
69.800263,4.623689,26.50303,-11.69659
69.976082,2.744861,26.507114,-11.700789
70.151902,3.263451,26.511197,-11.704987
70.327721,3.514636,26.515281,-11.709186
70.50354,3.450078,26.519365,-11.713384
70.67936,1.944487,26.52345,-11.717582
70.855179,2.75721,26.527533,-11.721781
71.030998,2.246851,26.531618,-11.725979
71.206818,2.228082,26.535702,-11.730178
71.382637,1.656262,26.539787,-11.734376
71.558456,1.882114,26.543871,-11.738574
71.734275,2.783146,26.547956,-11.742772
71.910095,1.132224,26.552041,-11.74697
72.085914,1.126224,26.556126,-11.751168
72.261733,1.692945,26.560211,-11.755366
72.437553,1.896088,26.564297,-11.759564
72.613372,1.374012,26.568382,-11.763761
72.789191,1.284968,26.572468,-11.767959
72.965011,1.603793,26.576553,-11.772157
73.14083,2.712482,26.580639,-11.776354
73.316649,2.628135,26.584725,-11.780552
73.492468,2.271939,26.588811,-11.784749
73.668288,1.658705,26.592897,-11.788947
73.844107,1.914525,26.596984,-11.793144
74.019926,2.942525,26.60107,-11.797341
74.195746,2.792494,26.605157,-11.801539
74.371565,3.280414,26.609243,-11.805736
74.547384,2.209683,26.61333,-11.809933
74.723204,3.456105,26.617417,-11.81413
74.899023,3.442278,26.621504,-11.818327
75.074842,3.418869,26.625591,-11.822524
75.250661,2.975761,26.629679,-11.826721
75.426481,2.219024,26.633766,-11.830918
75.6023,2.185246,26.637854,-11.835115
75.778119,3.240648,26.641941,-11.839311
75.953939,3.700221,26.646029,-11.843508
76.129758,2.753626,26.650117,-11.847705
76.305577,2.950239,26.654205,-11.851901
76.481397,2.61772,26.658293,-11.856098
76.657216,2.026327,26.662381,-11.860294
76.833035,2.065769,26.66647,-11.86449
77.008855,1.807195,26.670558,-11.868687
77.184674,1.791295,26.674647,-11.872883
77.360493,2.079015,26.678736,-11.877079
77.536312,2.173656,26.682825,-11.881275
77.712132,2.176898,26.686914,-11.885471
77.887951,2.883767,26.691003,-11.889667
78.06377,2.691024,26.695092,-11.893863
78.23959,1.803972,26.699182,-11.898059
78.415409,1.858613,26.703272,-11.902255
78.591228,2.316347,26.707361,-11.906451
78.767048,3.41093,26.711451,-11.910647
78.942867,3.436532,26.715541,-11.914842
79.118686,2.187792,26.719631,-11.919038
79.294505,1.311371,26.723721,-11.923233
79.470325,2.066107,26.727812,-11.927429
79.646144,2.449118,26.731902,-11.931624
79.821963,2.809059,26.735993,-11.935819
79.997783,3.547825,26.740083,-11.940015
80.173602,4.524535,26.744175,-11.94421
80.349421,3.948406,26.748266,-11.948405
80.525241,3.52346,26.752356,-11.952601
80.70106,3.490851,26.756447,-11.956796
80.876879,3.534694,26.760539,-11.960991
81.052698,3.508419,26.76463,-11.965186
81.228518,2.719489,26.768722,-11.969381
81.404337,2.670785,26.772814,-11.973575
81.580156,2.858021,26.776905,-11.97777
81.755976,3.42325,26.780997,-11.981965
81.931795,3.247744,26.785089,-11.98616
82.107614,3.969659,26.789182,-11.990354
82.283434,5.944277,26.793274,-11.994549
82.459253,5.184662,26.797367,-11.998743
82.635072,4.517196,26.801459,-12.002938
82.810891,5.340915,26.805552,-12.007132
82.986711,6.073268,26.809645,-12.011326
83.16253,4.916677,26.813738,-12.015521
83.338349,4.434778,26.817831,-12.019715
83.514169,3.731522,26.821924,-12.023909
83.689988,3.678079,26.826017,-12.028103
83.865807,3.69986,26.830111,-12.032297
84.041627,4.254093,26.834205,-12.03649
84.217446,4.216027,26.838298,-12.040685
84.393265,4.095119,26.842392,-12.044879
84.569085,4.607035,26.846486,-12.049072
84.744904,4.813065,26.85058,-12.053266
84.920723,5.024169,26.854675,-12.05746
85.096542,3.774627,26.858769,-12.061653
85.272362,3.163816,26.862864,-12.065847
85.448181,3.617894,26.866958,-12.07004
85.624,2.791931,26.871053,-12.074234
85.79982,2.362061,26.875148,-12.078427
85.975639,2.108329,26.879243,-12.08262
86.151458,2.887849,26.883338,-12.086814
86.327278,2.961003,26.887433,-12.091007
86.503097,3.115524,26.891529,-12.0952
86.678916,5.183869,26.895624,-12.099393
86.854735,5.590689,26.89972,-12.103586
87.030555,8.978494,26.903816,-12.107779
87.206374,14.916918,26.907912,-12.111972
87.382193,14.090189,26.912008,-12.116165
87.558013,12.310474,26.916104,-12.120357
87.733832,9.402426,26.920201,-12.12455
87.909651,6.870973,26.924297,-12.128743
88.085471,5.516549,26.928394,-12.132935
88.26129,9.980427,26.93249,-12.137128
88.437109,12.879622,26.936587,-12.14132
88.612928,12.924798,26.940684,-12.145513
88.788748,12.884852,26.944781,-12.149705
88.964567,15.075033,26.948878,-12.153897
89.140386,14.076988,26.952976,-12.158089
89.316206,12.349986,26.957073,-12.162282
89.492025,12.209637,26.961171,-12.166474
89.667844,13.859438,26.965269,-12.170666
89.843664,15.647113,26.969366,-12.174858
90.019483,16.005905,26.973464,-12.17905
90.195302,15.946712,26.977563,-12.183241
90.371122,16.926262,26.981661,-12.187433
90.546941,15.847672,26.985759,-12.191625
90.72276,15.20341,26.989858,-12.195817
90.898579,14.79309,26.993956,-12.200008
91.074399,14.743007,26.998055,-12.2042
91.250218,13.095459,27.002155,-12.208391
91.426037,13.933682,27.006253,-12.212583
91.601857,15.404624,27.010352,-12.216774
91.777676,14.439227,27.014452,-12.220965
91.953495,15.188545,27.018551,-12.225156
92.129315,13.204875,27.022651,-12.229348
92.305134,10.291723,27.02675,-12.233539
92.480953,11.447037,27.03085,-12.23773
92.656772,13.314456,27.03495,-12.241921
92.832592,13.374364,27.03905,-12.246112
93.008411,13.066718,27.04315,-12.250303
93.18423,12.187574,27.047251,-12.254493
93.36005,12.860301,27.051351,-12.258684
93.535869,12.880421,27.055452,-12.262875
93.711688,13.065697,27.059553,-12.267066
93.887508,13.765687,27.063653,-12.271256
94.063327,14.9722,27.067754,-12.275447
94.239146,14.448164,27.071856,-12.279637
94.414965,14.344099,27.075957,-12.283827
94.590785,12.794899,27.080058,-12.288018
94.766604,12.422904,27.08416,-12.292208
94.942423,12.756525,27.088262,-12.296398
95.118243,12.352307,27.092363,-12.300588
95.294062,10.115035,27.096465,-12.304778
95.469881,9.412298,27.100567,-12.308968
95.645701,9.808616,27.104669,-12.313158
95.82152,10.308276,27.108772,-12.317348
95.997339,10.185109,27.112874,-12.321538
96.173158,10.048018,27.116977,-12.325728
96.348978,10.388922,27.121079,-12.329918
96.524797,10.330864,27.125182,-12.334107
96.700616,11.468201,27.129285,-12.338297
96.876436,11.198222,27.133388,-12.342486
97.052255,11.653306,27.137491,-12.346676
97.228074,12.185982,27.141595,-12.350865
97.403894,11.787348,27.145698,-12.355055
97.579713,11.276712,27.149802,-12.359244
97.755532,11.809801,27.153905,-12.363433
97.931352,12.776784,27.158009,-12.367622
98.107171,11.907402,27.162113,-12.371811
98.28299,11.648964,27.166217,-12.376001
98.458809,11.968116,27.170322,-12.380189
98.634629,11.881456,27.174426,-12.384378
98.810448,12.990917,27.178531,-12.388567
98.986267,12.751099,27.182635,-12.392756
99.162087,11.905315,27.18674,-12.396945
99.337906,12.873907,27.190845,-12.401133
99.513725,13.611839,27.19495,-12.405322
99.689545,12.53907,27.199055,-12.409511
99.865364,12.25039,27.203161,-12.413699
100.041183,11.92831,27.207266,-12.417888
100.217002,12.190753,27.211372,-12.422076
100.392822,12.461734,27.215477,-12.426264
100.568641,11.240876,27.219583,-12.430452
100.74446,10.96534,27.22369,-12.43464
100.92028,11.535771,27.227795,-12.438829
101.096099,11.32563,27.231902,-12.443017
101.271918,11.718015,27.236008,-12.447205
101.447738,13.459495,27.240115,-12.451393
101.623557,13.381389,27.244221,-12.455581
101.799376,10.492737,27.248328,-12.459768
101.975195,8.68877,27.252435,-12.463956
102.151015,10.029606,27.256542,-12.468144
102.326834,11.176784,27.260649,-12.472331
102.502653,13.333101,27.264756,-12.476519
102.678473,13.032373,27.268864,-12.480706
102.854292,13.717707,27.272971,-12.484894
103.030111,13.537051,27.277079,-12.489081
103.205931,12.849107,27.281187,-12.493269
103.38175,12.767054,27.285295,-12.497456
103.557569,11.950671,27.289403,-12.501643
103.733388,11.301401,27.293511,-12.50583
103.909208,9.692655,27.29762,-12.510017
104.085027,7.811387,27.301728,-12.514204
104.260846,7.975239,27.305837,-12.518391
104.436666,8.864484,27.309946,-12.522578
104.612485,11.254086,27.314055,-12.526765
104.788304,15.361072,27.318164,-12.530952
104.964124,14.836624,27.322273,-12.535138
105.139943,13.145052,27.326382,-12.539325
105.315762,12.525625,27.330492,-12.543511
105.491582,15.550968,27.334601,-12.547698
105.667401,14.801447,27.338711,-12.551884
105.84322,13.160853,27.342821,-12.556071
106.019039,10.523556,27.346931,-12.560257
106.194859,9.482589,27.351041,-12.564443
106.370678,9.379454,27.355151,-12.568629
106.546497,11.531737,27.359262,-12.572815
106.722317,11.800672,27.363372,-12.577002
106.898136,10.159678,27.367483,-12.581188
107.073955,11.118903,27.371593,-12.585374
107.249775,13.323776,27.375704,-12.589559
107.425594,13.871064,27.379815,-12.593745
107.601413,14.963816,27.383927,-12.597931
107.777232,15.732847,27.388038,-12.602117
107.953052,14.936552,27.392149,-12.606302
108.128871,15.823622,27.396261,-12.610488
108.30469,14.736965,27.400373,-12.614673
108.48051,13.476535,27.404484,-12.618859
108.656329,14.481615,27.408596,-12.623044
108.832148,13.218152,27.412709,-12.627229
109.007968,9.443793,27.416821,-12.631415
109.183787,8.815515,27.420933,-12.6356
109.359606,9.673789,27.425046,-12.639785
109.535425,10.311769,27.429158,-12.64397
109.711245,11.463527,27.433271,-12.648155
109.887064,11.378701,27.437384,-12.65234
110.062883,11.034463,27.441497,-12.656525
110.238703,12.563566,27.44561,-12.66071
110.414522,12.409889,27.449724,-12.664894
110.590341,11.115432,27.453837,-12.669079
110.766161,10.834443,27.457951,-12.673264
110.94198,9.810878,27.462065,-12.677448
111.117799,8.518723,27.466178,-12.681633
111.293619,7.444037,27.470292,-12.685817
111.469438,7.602227,27.474407,-12.690001
111.645257,8.752905,27.478521,-12.694186
111.821076,9.941758,27.482635,-12.69837
111.996896,9.687362,27.48675,-12.702554
112.172715,9.843735,27.490865,-12.706738
112.348534,11.163304,27.494979,-12.710922
112.524354,11.729806,27.499094,-12.715106
112.700173,12.289315,27.503209,-12.71929
112.875992,11.250516,27.507325,-12.723474
113.051812,8.920561,27.51144,-12.727658
113.227631,7.348768,27.515556,-12.731842
113.40345,10.074444,27.519671,-12.736025
113.579269,8.253905,27.523787,-12.740209
113.755089,7.484631,27.527903,-12.744392
113.930908,9.443019,27.532019,-12.748576
114.106727,10.18004,27.536135,-12.752759
114.282547,9.609996,27.540251,-12.756943
114.458366,9.180145,27.544368,-12.761126
114.634185,10.411605,27.548485,-12.765309
114.810005,13.478309,27.552601,-12.769492
114.985824,13.437356,27.556718,-12.773675
115.161643,12.910298,27.560835,-12.777858
115.337462,13.227141,27.564952,-12.782041
115.513282,13.60712,27.56907,-12.786224
115.689101,12.593655,27.573187,-12.790407
115.86492,12.213681,27.577304,-12.79459
116.04074,11.123474,27.581422,-12.798772
116.216559,11.667048,27.58554,-12.802955
116.392378,9.702615,27.589658,-12.807138
116.568198,6.221447,27.593776,-12.81132
116.744017,2.696822,27.597894,-12.815503
116.919836,2.817798,27.602013,-12.819685
117.095655,2.13912,27.606131,-12.823867
117.271475,2.4356,27.61025,-12.82805
117.447294,3.994677,27.614369,-12.832232
117.623113,5.332492,27.618487,-12.836414
117.798933,4.6089,27.622607,-12.840596
117.974752,6.091933,27.626726,-12.844778
118.150571,7.317681,27.630845,-12.84896
118.326391,7.812967,27.634964,-12.853142
118.50221,7.538316,27.639084,-12.857324
118.678029,7.845097,27.643204,-12.861505
118.853849,7.820395,27.647324,-12.865687
119.029668,8.149961,27.651444,-12.869869
119.205487,9.231583,27.655564,-12.87405
119.381306,8.744027,27.659684,-12.878232
119.557126,8.77953,27.663805,-12.882413
119.732945,8.945953,27.667925,-12.886594
119.908764,7.800488,27.672046,-12.890776
120.084584,7.404133,27.676167,-12.894957
120.260403,7.643248,27.680288,-12.899138
120.436222,7.701059,27.684409,-12.903319
120.612042,7.256523,27.68853,-12.9075
120.787861,7.54363,27.692651,-12.911681
120.96368,6.863385,27.696773,-12.915862
121.139499,6.367099,27.700895,-12.920043
121.315319,5.984277,27.705016,-12.924224
121.491138,5.641456,27.709138,-12.928405
121.666957,4.380808,27.71326,-12.932585
121.842777,6.428918,27.717383,-12.936766
122.018596,6.806381,27.721505,-12.940946
122.194415,6.293171,27.725627,-12.945127
122.370235,6.749141,27.72975,-12.949307
122.546054,8.791419,27.733873,-12.953487
122.721873,8.931639,27.737996,-12.957668
122.897692,8.150947,27.742119,-12.961848
123.073512,7.233588,27.746242,-12.966028
123.073512,7.233588,27.746242,-12.966028