position,Titanium Abundance,lon,lat
0,0.656411,24.891148,-10.025402
0.175819,0.656711,24.895186,-10.029622
0.351639,0.657032,24.899224,-10.033842
0.527458,0.657373,24.903263,-10.038061
0.703277,0.657735,24.907302,-10.04228
0.879097,0.658117,24.91134,-10.0465
1.054916,0.658519,24.915379,-10.050719
1.230735,0.658942,24.919417,-10.05494
1.406554,0.659385,24.923456,-10.059159
1.582374,0.659849,24.927495,-10.063378
1.758193,0.660333,24.931534,-10.067597
1.934012,0.660837,24.935573,-10.071817
2.109832,0.661362,24.939613,-10.076036
2.285651,0.661907,24.943652,-10.080255
2.46147,0.662472,24.947691,-10.084475
2.63729,0.663058,24.951731,-10.088694
2.813109,0.663664,24.95577,-10.092913
2.988928,0.664291,24.959811,-10.097131
3.164747,0.664938,24.963851,-10.10135
3.340567,0.665606,24.967891,-10.105569
3.516386,0.666293,24.97193,-10.109789
3.692205,0.667002,24.975971,-10.114007
3.868025,0.66773,24.980011,-10.118225
4.043844,0.668479,24.984051,-10.122445
4.219663,0.669249,24.988092,-10.126663
4.395483,0.670039,24.992132,-10.130882
4.571302,0.670902,24.996173,-10.135101
4.747121,0.672004,25.000214,-10.139319
4.92294,0.675288,25.004255,-10.143537
5.09876,0.678824,25.008296,-10.147756
5.274579,0.68235,25.012338,-10.151974
5.450398,0.685866,25.016378,-10.156193
5.626218,0.689372,25.02042,-10.160411
5.802037,0.692867,25.024462,-10.164629
5.977856,0.696353,25.028503,-10.168847
6.153676,0.699828,25.032545,-10.173065
6.329495,0.703292,25.036587,-10.177283
6.505314,0.706747,25.040629,-10.181501
6.681133,0.710191,25.044671,-10.185719
6.856953,0.713626,25.048713,-10.189937
7.032772,0.71705,25.052755,-10.194155
7.208591,0.720463,25.056797,-10.198373
7.384411,0.723867,25.06084,-10.20259
7.56023,0.72726,25.064882,-10.206809
7.736049,0.730643,25.068925,-10.211026
7.911869,0.734016,25.072967,-10.215244
8.087688,0.737379,25.077011,-10.219461
8.263507,0.740731,25.081053,-10.223679
8.439327,0.744073,25.085096,-10.227897
8.615146,0.747405,25.08914,-10.232114
8.790965,0.750727,25.093183,-10.236331
8.966784,0.754039,25.097227,-10.240548
9.142604,0.75734,25.101271,-10.244765
9.318423,0.760631,25.105314,-10.248983
9.494242,0.763912,25.109357,-10.2532
9.670062,0.767183,25.113402,-10.257417
9.845881,0.770443,25.117445,-10.261634
10.0217,0.773693,25.12149,-10.265851
10.19752,0.776933,25.125533,-10.270068
10.373339,0.780163,25.129578,-10.274285
10.549158,0.783382,25.133622,-10.278502
10.724977,0.786592,25.137667,-10.282719
10.900797,0.789791,25.141712,-10.286935
11.076616,0.79298,25.145756,-10.291152
11.252435,0.796158,25.149801,-10.295369
11.428255,0.799327,25.153846,-10.299586
11.604074,0.802485,25.157891,-10.303802
11.779893,0.805633,25.161936,-10.308019
11.955713,0.808771,25.165981,-10.312235
12.131532,0.811898,25.170026,-10.316452
12.307351,0.815016,25.174072,-10.320668
12.48317,0.818123,25.178118,-10.324884
12.65899,0.82122,25.182163,-10.329101
12.834809,0.824306,25.186209,-10.333317
13.010628,0.827383,25.190255,-10.337533
13.186448,0.830449,25.194301,-10.341749
13.362267,0.833505,25.198347,-10.345965
13.538086,0.836551,25.202393,-10.350181
13.713906,0.839586,25.20644,-10.354397
13.889725,0.842612,25.210486,-10.358613
14.065544,0.845627,25.214533,-10.362829
14.241364,0.848631,25.218579,-10.367045
14.417183,0.851626,25.222627,-10.37126
14.593002,0.85461,25.226673,-10.375476
14.768821,0.857585,25.23072,-10.379692
14.944641,0.860549,25.234767,-10.383908
15.12046,0.863502,25.238814,-10.388123
15.296279,0.866446,25.242861,-10.392339
15.472099,0.869379,25.24691,-10.396554
15.647918,0.872302,25.250957,-10.400769
15.823737,0.875215,25.255004,-10.404985
15.999557,0.878117,25.259052,-10.4092
16.175376,0.88101,25.2631,-10.413415
16.351195,0.883892,25.267148,-10.417631
16.527014,0.886764,25.271196,-10.421846
16.702834,0.889625,25.275244,-10.426061
16.878653,0.892477,25.279293,-10.430276
17.054472,0.895318,25.283341,-10.434491
17.230292,0.898149,25.287389,-10.438706
17.406111,0.90097,25.291438,-10.442921
17.58193,0.90378,25.295487,-10.447136
17.75775,0.90658,25.299536,-10.45135
17.933569,0.909371,25.303584,-10.455565
18.109388,0.91215,25.307633,-10.45978
18.285207,0.91492,25.311683,-10.463994
18.461027,0.917679,25.315732,-10.468209
18.636846,0.920428,25.319782,-10.472423
18.812665,0.923167,25.323831,-10.476638
18.988485,0.925896,25.327881,-10.480853
19.164304,0.928614,25.33193,-10.485067
19.340123,0.931322,25.33598,-10.489282
19.515943,0.93402,25.34003,-10.493496
19.691762,0.936708,25.34408,-10.49771
19.867581,0.939386,25.34813,-10.501924
20.0434,0.942053,25.352181,-10.506138
20.21922,0.94471,25.356231,-10.510352
20.395039,0.947357,25.360281,-10.514566
20.570858,0.949993,25.364332,-10.51878
20.746678,0.952619,25.368383,-10.522994
20.922497,0.955235,25.372434,-10.527208
21.098316,0.957841,25.376485,-10.531422
21.274136,0.960437,25.380536,-10.535636
21.449955,0.963022,25.384587,-10.53985
21.625774,0.965597,25.388638,-10.544063
21.801594,0.968162,25.39269,-10.548277
21.977413,0.970717,25.396741,-10.55249
22.153232,0.973261,25.400793,-10.556703
22.329051,0.975796,25.404845,-10.560917
22.504871,0.97832,25.408896,-10.565131
22.68069,0.980833,25.412949,-10.569344
22.856509,0.983337,25.417,-10.573558
23.032329,0.98583,25.421052,-10.577771
23.208148,0.988313,25.425105,-10.581984
23.383967,0.990786,25.429157,-10.586197
23.559787,0.993248,25.43321,-10.59041
23.735606,0.9957,25.437263,-10.594623
23.911425,0.998142,25.441315,-10.598836
24.087244,1.000574,25.445368,-10.603049
24.263064,1.002996,25.449421,-10.607262
24.438883,1.005407,25.453474,-10.611475
24.614702,1.007808,25.457527,-10.615688
24.790522,1.010199,25.46158,-10.619901
24.966341,1.01258,25.465634,-10.624113
25.14216,1.01495,25.469687,-10.628326
25.31798,1.01731,25.473741,-10.632538
25.493799,1.01966,25.477794,-10.636751
25.669618,1.022,25.481848,-10.640963
25.845437,1.024329,25.485902,-10.645176
26.021257,1.026648,25.489956,-10.649388
26.197076,1.028957,25.494011,-10.653601
26.372895,1.031256,25.498065,-10.657813
26.548715,1.033544,25.502119,-10.662025
26.724534,1.035822,25.506174,-10.666237
26.900353,1.03809,25.510228,-10.670449
27.076173,1.040348,25.514283,-10.674661
27.251992,1.042595,25.518339,-10.678873
27.427811,1.044833,25.522393,-10.683085
27.60363,1.04706,25.526448,-10.687297
27.77945,1.049276,25.530503,-10.691509
27.955269,1.051483,25.534559,-10.695721
28.131088,1.053679,25.538614,-10.699933
28.306908,1.055865,25.542669,-10.704144
28.482727,1.058041,25.546725,-10.708356
28.658546,1.060206,25.550782,-10.712567
28.834366,1.062361,25.554837,-10.716779
29.010185,1.064506,25.558893,-10.720991
29.186004,1.066641,25.562949,-10.725202
29.361824,1.068766,25.567006,-10.729413
29.537643,1.07088,25.571061,-10.733625
29.713462,1.072984,25.575118,-10.737836
29.889281,1.075078,25.579174,-10.742047
30.065101,1.077161,25.583231,-10.746258
30.24092,1.079235,25.587288,-10.75047
30.416739,1.081298,25.591345,-10.754681
30.592559,1.08335,25.595402,-10.758892
30.768378,1.085393,25.599459,-10.763103
30.944197,1.087425,25.603517,-10.767313
31.120017,1.089447,25.607573,-10.771524
31.295836,1.091459,25.611631,-10.775735
31.471655,1.093461,25.615688,-10.779946
31.647474,1.095452,25.619746,-10.784157
31.823294,1.097433,25.623804,-10.788367
31.999113,1.099404,25.627862,-10.792578
32.174932,1.101364,25.63192,-10.796788
32.350752,1.103315,25.635978,-10.800999
32.526571,1.105255,25.640036,-10.805209
32.70239,1.107184,25.644095,-10.809419
32.87821,1.109104,25.648153,-10.81363
33.054029,1.111013,25.652212,-10.81784
33.229848,1.112912,25.656271,-10.82205
33.405667,1.114801,25.660329,-10.826261
33.581487,1.116679,25.664388,-10.830471
33.757306,1.118548,25.668447,-10.834681
33.933125,1.120406,25.672506,-10.838891
34.108945,1.122254,25.676566,-10.843101
34.284764,1.124091,25.680626,-10.84731
34.460583,1.125918,25.684684,-10.851521
34.636403,1.127735,25.688744,-10.85573
34.812222,1.129542,25.692804,-10.85994
34.988041,1.131339,25.696864,-10.86415
35.163861,1.133125,25.700924,-10.868359
35.33968,1.134901,25.704984,-10.872569
35.515499,1.136667,25.709044,-10.876779
35.691318,1.138422,25.713104,-10.880988
35.867138,1.140167,25.717165,-10.885197
36.042957,1.141902,25.721226,-10.889406
36.218776,1.143627,25.725286,-10.893616
36.394596,1.145341,25.729346,-10.897825
36.570415,1.147046,25.733407,-10.902035
36.746234,1.14874,25.737468,-10.906244
36.922054,1.150423,25.741529,-10.910453
37.097873,1.152097,25.745591,-10.914662
37.273692,1.15376,25.749653,-10.91887
37.449511,1.155413,25.753713,-10.92308
37.625331,1.157055,25.757775,-10.927289
37.80115,1.158688,25.761837,-10.931498
37.976969,1.16031,25.765899,-10.935706
38.152789,1.161922,25.76996,-10.939915
38.328608,1.163523,25.774022,-10.944124
38.504427,1.165115,25.778085,-10.948332
38.680247,1.166696,25.782147,-10.952541
38.856066,1.168267,25.786209,-10.95675
39.031885,1.169827,25.790272,-10.960958
39.207704,1.171378,25.794334,-10.965166
39.383524,1.172918,25.798398,-10.969374
39.559343,1.174448,25.80246,-10.973583
39.735162,1.175967,25.806524,-10.977791
39.910982,1.177477,25.810586,-10.981999
40.086801,1.178976,25.81465,-10.986207
40.26262,1.180464,25.818712,-10.990416
40.43844,1.181488,25.822776,-10.994624
40.614259,1.181425,25.82684,-10.998831
40.790078,1.180043,25.830903,-11.00304
40.965897,1.178666,25.834967,-11.007247
41.141717,1.177295,25.839031,-11.011455
41.317536,1.175928,25.843095,-11.015663
41.493355,1.174567,25.847159,-11.01987
41.669175,1.173211,25.851223,-11.024078
41.844994,1.17186,25.855288,-11.028285
42.020813,1.170515,25.859352,-11.032494
42.196633,1.169174,25.863416,-11.036701
42.372452,1.167839,25.867481,-11.040908
42.548271,1.166509,25.871546,-11.045116
42.724091,1.165184,25.875611,-11.049323
42.89991,1.163864,25.879676,-11.05353
43.075729,1.162549,25.883741,-11.057738
43.251548,1.16124,25.887806,-11.061945
43.427368,1.159935,25.891872,-11.066152
43.603187,1.158636,25.895937,-11.070359
43.779006,1.157342,25.900003,-11.074566
43.954826,1.156053,25.904069,-11.078773
44.130645,1.15477,25.908134,-11.08298
44.306464,1.153491,25.9122,-11.087187
44.482284,1.152218,25.916267,-11.091393
44.658103,1.15095,25.920333,-11.0956
44.833922,1.149687,25.9244,-11.099806
45.009741,1.148429,25.928466,-11.104013
45.185561,1.147176,25.932532,-11.10822
45.36138,1.145929,25.936599,-11.112427
45.537199,1.144686,25.940666,-11.116633
45.713019,1.143449,25.944733,-11.120839
45.888838,1.142217,25.9488,-11.125046
46.064657,1.140991,25.952867,-11.129252
46.240477,1.139769,25.956934,-11.133458
46.416296,1.138552,25.961002,-11.137664
46.592115,1.137341,25.965069,-11.141871
46.767934,1.136135,25.969136,-11.146077
46.943754,1.134934,25.973204,-11.150283
47.119573,1.133738,25.977273,-11.154488
47.295392,1.132548,25.98134,-11.158695
47.471212,1.131362,25.985409,-11.1629
47.647031,1.130182,25.989476,-11.167106
47.82285,1.129007,25.993545,-11.171312
47.99867,1.127837,25.997614,-11.175517
48.174489,1.126672,26.001682,-11.179723
48.350308,1.125512,26.00575,-11.183929
48.526128,1.124358,26.00982,-11.188134
48.701947,1.123209,26.013888,-11.19234
48.877766,1.122064,26.017957,-11.196545
49.053585,1.120926,26.022026,-11.200751
49.229405,1.119792,26.026096,-11.204956
49.405224,1.118663,26.030165,-11.209161
49.581043,1.11754,26.034234,-11.213366
49.756863,1.116422,26.038304,-11.217571
49.932682,1.115308,26.042374,-11.221777
50.108501,1.114201,26.046444,-11.225982
50.284321,1.113098,26.050514,-11.230187
50.46014,1.112,26.054584,-11.234391
50.635959,1.110908,26.058654,-11.238596
50.811778,1.109821,26.062725,-11.242801
50.987598,1.108739,26.066795,-11.247006
51.163417,1.107662,26.070865,-11.251211
51.339236,1.10659,26.074936,-11.255415
51.515056,1.105524,26.079007,-11.25962
51.690875,1.104462,26.083078,-11.263824
51.866694,1.103406,26.087149,-11.268029
52.042514,1.102355,26.09122,-11.272233
52.218333,1.101309,26.095291,-11.276438
52.394152,1.100269,26.099363,-11.280641
52.569971,1.099233,26.103434,-11.284846
52.745791,1.098203,26.107506,-11.28905
52.92161,1.097178,26.111578,-11.293254
53.097429,1.096158,26.11565,-11.297459
53.273249,1.095143,26.119722,-11.301663
53.449068,1.094133,26.123794,-11.305867
53.624887,1.093129,26.127866,-11.310071
53.800707,1.09213,26.131938,-11.314274
53.976526,1.091135,26.136011,-11.318478
54.152345,1.090147,26.140083,-11.322682
54.328164,1.089163,26.144156,-11.326886
54.503984,1.088184,26.148229,-11.331089
54.679803,1.087211,26.152302,-11.335293
54.855622,1.086243,26.156375,-11.339496
55.031442,1.08528,26.160448,-11.3437
55.207261,1.084322,26.164522,-11.347903
55.38308,1.083369,26.168596,-11.352106
55.5589,1.082422,26.172669,-11.35631
55.734719,1.081479,26.176742,-11.360513
55.910538,1.080542,26.180816,-11.364716
56.086358,1.07961,26.18489,-11.36892
56.262177,1.078683,26.188964,-11.373123
56.437996,1.077762,26.193039,-11.377325
56.613815,1.076845,26.197113,-11.381529
56.789635,1.075934,26.201187,-11.385732
56.965454,1.075028,26.205261,-11.389934
57.141273,1.074127,26.209336,-11.394137
57.317093,1.073231,26.213411,-11.39834
57.492912,1.072341,26.217486,-11.402543
57.668731,1.071455,26.221561,-11.406745
57.844551,1.070575,26.225636,-11.410948
58.02037,1.0697,26.229711,-11.41515
58.196189,1.06883,26.233787,-11.419353
58.372008,1.067966,26.237862,-11.423555
58.547828,1.067106,26.241938,-11.427758
58.723647,1.066252,26.246013,-11.43196
58.899466,1.065403,26.250089,-11.436162
59.075286,1.064559,26.254165,-11.440364
59.251105,1.06372,26.258241,-11.444566
59.426924,1.062886,26.262317,-11.448768
59.602744,1.062058,26.266394,-11.45297
59.778563,1.061235,26.27047,-11.457172
59.954382,1.060417,26.274547,-11.461374
60.130201,1.059604,26.278624,-11.465576
60.306021,1.058796,26.2827,-11.469778
60.48184,1.057994,26.286777,-11.47398
60.657659,1.057196,26.290854,-11.478181
60.833479,1.056404,26.294932,-11.482383
61.009298,1.055617,26.299009,-11.486585
61.185117,1.054835,26.303086,-11.490786
61.360937,1.054059,26.307164,-11.494988
61.536756,1.053287,26.311242,-11.499189
61.712575,1.052521,26.315319,-11.50339
61.888394,1.05176,26.319397,-11.507592
62.064214,1.051004,26.323475,-11.511793
62.240033,1.050253,26.327553,-11.515994
62.415852,1.049508,26.331632,-11.520195
62.591672,1.048767,26.33571,-11.524396
62.767491,1.048032,26.339789,-11.528597
62.94331,1.047302,26.343867,-11.532798
63.11913,1.046577,26.347947,-11.536998
63.294949,1.045858,26.352025,-11.5412
63.470768,1.045143,26.356104,-11.5454
63.646588,1.044434,26.360183,-11.549601
63.822407,1.04373,26.364262,-11.553802
63.998226,1.043031,26.368342,-11.558002
64.174045,1.042338,26.372421,-11.562203
64.349865,1.041649,26.376501,-11.566403
64.525684,1.040966,26.380581,-11.570604
64.701503,1.040288,26.38466,-11.574804
64.877323,1.039615,26.38874,-11.579005
65.053142,1.038947,26.392821,-11.583205
65.228961,1.038284,26.396901,-11.587405
65.404781,1.037627,26.400981,-11.591605
65.5806,1.036975,26.405062,-11.595805
65.756419,1.036328,26.409143,-11.600005
65.932238,1.035686,26.413223,-11.604205
66.108058,1.035049,26.417304,-11.608405
66.283877,1.034418,26.421385,-11.612605
66.459696,1.033791,26.425466,-11.616805
66.635516,1.03317,26.429547,-11.621005
66.811335,1.032554,26.433628,-11.625204
66.987154,1.031943,26.43771,-11.629404
67.162974,1.031338,26.441792,-11.633603
67.338793,1.030737,26.445873,-11.637803
67.514612,1.030142,26.449955,-11.642002
67.690431,1.029552,26.454037,-11.646202
67.866251,1.028967,26.458119,-11.650401
68.04207,1.028388,26.462201,-11.6546
68.217889,1.027813,26.466284,-11.6588
68.393709,1.027244,26.470366,-11.662999
68.569528,1.02668,26.474449,-11.667198
68.745347,1.026121,26.478532,-11.671396
68.921167,1.025567,26.482614,-11.675596
69.096986,1.025019,26.486697,-11.679795
69.272805,1.024475,26.49078,-11.683994
69.448625,1.023937,26.494863,-11.688193
69.624444,1.023404,26.498947,-11.692391
69.800263,1.022877,26.50303,-11.69659
69.976082,1.022354,26.507114,-11.700789
70.151902,1.021837,26.511197,-11.704987
70.327721,1.021324,26.515281,-11.709186
70.50354,1.020817,26.519365,-11.713384
70.67936,1.020316,26.52345,-11.717582
70.855179,1.019819,26.527533,-11.721781
71.030998,1.019328,26.531618,-11.725979
71.206818,1.018841,26.535702,-11.730178
71.382637,1.01836,26.539787,-11.734376
71.558456,1.017884,26.543871,-11.738574
71.734275,1.017414,26.547956,-11.742772
71.910095,1.016948,26.552041,-11.74697
72.085914,1.016488,26.556126,-11.751168
72.261733,1.016033,26.560211,-11.755366
72.437553,1.015583,26.564297,-11.759564
72.613372,1.015138,26.568382,-11.763761
72.789191,1.014698,26.572468,-11.767959
72.965011,1.014264,26.576553,-11.772157
73.14083,1.013835,26.580639,-11.776354
73.316649,1.013411,26.584725,-11.780552
73.492468,1.012992,26.588811,-11.784749
73.668288,1.012579,26.592897,-11.788947
73.844107,1.01217,26.596984,-11.793144
74.019926,1.011767,26.60107,-11.797341
74.195746,1.011369,26.605157,-11.801539
74.371565,1.010976,26.609243,-11.805736
74.547384,1.010588,26.61333,-11.809933
74.723204,1.010206,26.617417,-11.81413
74.899023,1.009829,26.621504,-11.818327
75.074842,1.009457,26.625591,-11.822524
75.250661,1.00909,26.629679,-11.826721
75.426481,1.008728,26.633766,-11.830918
75.6023,1.008372,26.637854,-11.835115
75.778119,1.00802,26.641941,-11.839311
75.953939,1.007674,26.646029,-11.843508
76.129758,1.007333,26.650117,-11.847705
76.305577,1.006998,26.654205,-11.851901
76.481397,1.006667,26.658293,-11.856098
76.657216,1.006342,26.662381,-11.860294
76.833035,1.006022,26.66647,-11.86449
77.008855,1.005707,26.670558,-11.868687
77.184674,1.005397,26.674647,-11.872883
77.360493,1.005092,26.678736,-11.877079
77.536312,1.004793,26.682825,-11.881275
77.712132,1.004499,26.686914,-11.885471
77.887951,1.00421,26.691003,-11.889667
78.06377,1.003926,26.695092,-11.893863
78.23959,1.003647,26.699182,-11.898059
78.415409,1.003374,26.703272,-11.902255
78.591228,1.003106,26.707361,-11.906451
78.767048,1.002843,26.711451,-11.910647
78.942867,1.002585,26.715541,-11.914842
79.118686,1.002332,26.719631,-11.919038
79.294505,1.002085,26.723721,-11.923233
79.470325,1.001843,26.727812,-11.927429
79.646144,1.001606,26.731902,-11.931624
79.821963,1.001374,26.735993,-11.935819
79.997783,1.001147,26.740083,-11.940015
80.173602,1.000926,26.744175,-11.94421
80.349421,1.00071,26.748266,-11.948405
80.525241,1.000499,26.752356,-11.952601
80.70106,1.000293,26.756447,-11.956796
80.876879,1.000092,26.760539,-11.960991
81.052698,0.999897,26.76463,-11.965186
81.228518,0.999706,26.768722,-11.969381
81.404337,0.999521,26.772814,-11.973575
81.580156,0.999341,26.776905,-11.97777
81.755976,0.999167,26.780997,-11.981965
81.931795,0.998997,26.785089,-11.98616
82.107614,0.998833,26.789182,-11.990354
82.283434,0.998674,26.793274,-11.994549
82.459253,0.99852,26.797367,-11.998743
82.635072,0.998371,26.801459,-12.002938
82.810891,0.998228,26.805552,-12.007132
82.986711,0.99809,26.809645,-12.011326
83.16253,0.997957,26.813738,-12.015521
83.338349,0.997829,26.817831,-12.019715
83.514169,0.997706,26.821924,-12.023909
83.689988,0.997589,26.826017,-12.028103
83.865807,0.997476,26.830111,-12.032297
84.041627,0.997369,26.834205,-12.03649
84.217446,0.997267,26.838298,-12.040685
84.393265,0.997171,26.842392,-12.044879
84.569085,0.997079,26.846486,-12.049072
84.744904,0.996993,26.85058,-12.053266
84.920723,0.996912,26.854675,-12.05746
85.096542,0.996836,26.858769,-12.061653
85.272362,0.996765,26.862864,-12.065847
85.448181,0.9967,26.866958,-12.07004
85.624,0.99664,26.871053,-12.074234
85.79982,0.996585,26.875148,-12.078427
85.975639,0.996535,26.879243,-12.08262
86.151458,0.99649,26.883338,-12.086814
86.327278,0.996451,26.887433,-12.091007
86.503097,0.996416,26.891529,-12.0952
86.678916,0.996387,26.895624,-12.099393
86.854735,0.996363,26.89972,-12.103586
87.030555,0.996345,26.903816,-12.107779
87.206374,0.996331,26.907912,-12.111972
87.382193,0.996323,26.912008,-12.116165
87.558013,0.99632,26.916104,-12.120357
87.733832,0.996322,26.920201,-12.12455
87.909651,0.996329,26.924297,-12.128743
88.085471,0.996342,26.928394,-12.132935
88.26129,0.99636,26.93249,-12.137128
88.437109,0.996383,26.936587,-12.14132
88.612928,0.996411,26.940684,-12.145513
88.788748,0.996444,26.944781,-12.149705
88.964567,0.996483,26.948878,-12.153897
89.140386,0.996527,26.952976,-12.158089
89.316206,0.996576,26.957073,-12.162282
89.492025,0.99663,26.961171,-12.166474
89.667844,0.996689,26.965269,-12.170666
89.843664,0.996754,26.969366,-12.174858
90.019483,0.996824,26.973464,-12.17905
90.195302,0.996899,26.977563,-12.183241
90.371122,0.996979,26.981661,-12.187433
90.546941,0.997064,26.985759,-12.191625
90.72276,0.997155,26.989858,-12.195817
90.898579,0.997251,26.993956,-12.200008
91.074399,0.997244,26.998055,-12.2042
91.250218,0.996604,27.002155,-12.208391
91.426037,0.995322,27.006253,-12.212583
91.601857,0.993929,27.010352,-12.216774
91.777676,0.992531,27.014452,-12.220965
91.953495,0.991129,27.018551,-12.225156
92.129315,0.989721,27.022651,-12.229348
92.305134,0.988308,27.02675,-12.233539
92.480953,0.986889,27.03085,-12.23773
92.656772,0.985466,27.03495,-12.241921
92.832592,0.984037,27.03905,-12.246112
93.008411,0.982604,27.04315,-12.250303
93.18423,0.981165,27.047251,-12.254493
93.36005,0.979721,27.051351,-12.258684
93.535869,0.978272,27.055452,-12.262875
93.711688,0.976817,27.059553,-12.267066
93.887508,0.975358,27.063653,-12.271256
94.063327,0.973893,27.067754,-12.275447
94.239146,0.972424,27.071856,-12.279637
94.414965,0.970949,27.075957,-12.283827
94.590785,0.969469,27.080058,-12.288018
94.766604,0.967984,27.08416,-12.292208
94.942423,0.966493,27.088262,-12.296398
95.118243,0.964998,27.092363,-12.300588
95.294062,0.963497,27.096465,-12.304778
95.469881,0.961991,27.100567,-12.308968
95.645701,0.96048,27.104669,-12.313158
95.82152,0.958964,27.108772,-12.317348
95.997339,0.957443,27.112874,-12.321538
96.173158,0.955916,27.116977,-12.325728
96.348978,0.954385,27.121079,-12.329918
96.524797,0.952848,27.125182,-12.334107
96.700616,0.951306,27.129285,-12.338297
96.876436,0.949759,27.133388,-12.342486
97.052255,0.948207,27.137491,-12.346676
97.228074,0.94665,27.141595,-12.350865
97.403894,0.945087,27.145698,-12.355055
97.579713,0.943519,27.149802,-12.359244
97.755532,0.941947,27.153905,-12.363433
97.931352,0.940369,27.158009,-12.367622
98.107171,0.938785,27.162113,-12.371811
98.28299,0.937197,27.166217,-12.376001
98.458809,0.935604,27.170322,-12.380189
98.634629,0.934005,27.174426,-12.384378
98.810448,0.932401,27.178531,-12.388567
98.986267,0.930793,27.182635,-12.392756
99.162087,0.929179,27.18674,-12.396945
99.337906,0.927559,27.190845,-12.401133
99.513725,0.925935,27.19495,-12.405322
99.689545,0.924305,27.199055,-12.409511
99.865364,0.922671,27.203161,-12.413699
100.041183,0.921031,27.207266,-12.417888
100.217002,0.919386,27.211372,-12.422076
100.392822,0.917736,27.215477,-12.426264
100.568641,0.91608,27.219583,-12.430452
100.74446,0.91442,27.22369,-12.43464
100.92028,0.912754,27.227795,-12.438829
101.096099,0.911084,27.231902,-12.443017
101.271918,0.909408,27.236008,-12.447205
101.447738,0.907727,27.240115,-12.451393
101.623557,0.90604,27.244221,-12.455581
101.799376,0.904349,27.248328,-12.459768
101.975195,0.902652,27.252435,-12.463956
102.151015,0.900951,27.256542,-12.468144
102.326834,0.899244,27.260649,-12.472331
102.502653,0.897532,27.264756,-12.476519
102.678473,0.895815,27.268864,-12.480706
102.854292,0.894092,27.272971,-12.484894
103.030111,0.892365,27.277079,-12.489081
103.205931,0.890632,27.281187,-12.493269
103.38175,0.888894,27.285295,-12.497456
103.557569,0.887151,27.289403,-12.501643
103.733388,0.885403,27.293511,-12.50583
103.909208,0.88365,27.29762,-12.510017
104.085027,0.881891,27.301728,-12.514204
104.260846,0.880128,27.305837,-12.518391
104.436666,0.878359,27.309946,-12.522578
104.612485,0.876585,27.314055,-12.526765
104.788304,0.874806,27.318164,-12.530952
104.964124,0.873022,27.322273,-12.535138
105.139943,0.871232,27.326382,-12.539325
105.315762,0.869438,27.330492,-12.543511
105.491582,0.867638,27.334601,-12.547698
105.667401,0.865833,27.338711,-12.551884
105.84322,0.864023,27.342821,-12.556071
106.019039,0.862208,27.346931,-12.560257
106.194859,0.860387,27.351041,-12.564443
106.370678,0.858562,27.355151,-12.568629
106.546497,0.856731,27.359262,-12.572815
106.722317,0.854895,27.363372,-12.577002
106.898136,0.853054,27.367483,-12.581188
107.073955,0.851208,27.371593,-12.585374
107.249775,0.849357,27.375704,-12.589559
107.425594,0.8475,27.379815,-12.593745
107.601413,0.845638,27.383927,-12.597931
107.777232,0.843772,27.388038,-12.602117
107.953052,0.841899,27.392149,-12.606302
108.128871,0.840022,27.396261,-12.610488
108.30469,0.83814,27.400373,-12.614673
108.48051,0.836252,27.404484,-12.618859
108.656329,0.83436,27.408596,-12.623044
108.832148,0.832462,27.412709,-12.627229
109.007968,0.830559,27.416821,-12.631415
109.183787,0.828651,27.420933,-12.6356
109.359606,0.826738,27.425046,-12.639785
109.535425,0.824819,27.429158,-12.64397
109.711245,0.822896,27.433271,-12.648155
109.887064,0.820967,27.437384,-12.65234
110.062883,0.819033,27.441497,-12.656525
110.238703,0.817094,27.44561,-12.66071
110.414522,0.815149,27.449724,-12.664894
110.590341,0.8132,27.453837,-12.669079
110.766161,0.811245,27.457951,-12.673264
110.94198,0.809285,27.462065,-12.677448
111.117799,0.807321,27.466178,-12.681633
111.293619,0.80535,27.470292,-12.685817
111.469438,0.803375,27.474407,-12.690001
111.645257,0.801395,27.478521,-12.694186
111.821076,0.799409,27.482635,-12.69837
111.996896,0.797418,27.48675,-12.702554
112.172715,0.795422,27.490865,-12.706738
112.348534,0.793421,27.494979,-12.710922
112.524354,0.791415,27.499094,-12.715106
112.700173,0.789404,27.503209,-12.71929
112.875992,0.787387,27.507325,-12.723474
113.051812,0.785365,27.51144,-12.727658
113.227631,0.783338,27.515556,-12.731842
113.40345,0.781306,27.519671,-12.736025
113.579269,0.779269,27.523787,-12.740209
113.755089,0.777226,27.527903,-12.744392
113.930908,0.775179,27.532019,-12.748576
114.106727,0.773126,27.536135,-12.752759
114.282547,0.771068,27.540251,-12.756943
114.458366,0.769005,27.544368,-12.761126
114.634185,0.766937,27.548485,-12.765309
114.810005,0.764863,27.552601,-12.769492
114.985824,0.762785,27.556718,-12.773675
115.161643,0.760701,27.560835,-12.777858
115.337462,0.758612,27.564952,-12.782041
115.513282,0.756518,27.56907,-12.786224
115.689101,0.754419,27.573187,-12.790407
115.86492,0.752314,27.577304,-12.79459
116.04074,0.750205,27.581422,-12.798772
116.216559,0.74809,27.58554,-12.802955
116.392378,0.74597,27.589658,-12.807138
116.568198,0.743845,27.593776,-12.81132
116.744017,0.741714,27.597894,-12.815503
116.919836,0.739579,27.602013,-12.819685
117.095655,0.737438,27.606131,-12.823867
117.271475,0.735292,27.61025,-12.82805
117.447294,0.733141,27.614369,-12.832232
117.623113,0.730985,27.618487,-12.836414
117.798933,0.728824,27.622607,-12.840596
117.974752,0.726658,27.626726,-12.844778
118.150571,0.724486,27.630845,-12.84896
118.326391,0.722309,27.634964,-12.853142
118.50221,0.720127,27.639084,-12.857324
118.678029,0.71794,27.643204,-12.861505
118.853849,0.715748,27.647324,-12.865687
119.029668,0.71355,27.651444,-12.869869
119.205487,0.711347,27.655564,-12.87405
119.381306,0.70914,27.659684,-12.878232
119.557126,0.706927,27.663805,-12.882413
119.732945,0.704708,27.667925,-12.886594
119.908764,0.702485,27.672046,-12.890776
120.084584,0.700256,27.676167,-12.894957
120.260403,0.698023,27.680288,-12.899138
120.436222,0.695784,27.684409,-12.903319
120.612042,0.69354,27.68853,-12.9075
120.787861,0.691291,27.692651,-12.911681
120.96368,0.689036,27.696773,-12.915862
121.139499,0.686777,27.700895,-12.920043
121.315319,0.684512,27.705016,-12.924224
121.491138,0.682242,27.709138,-12.928405
121.666957,0.679967,27.71326,-12.932585
121.842777,0.677687,27.717383,-12.936766
122.018596,0.675401,27.721505,-12.940946
122.194415,0.673111,27.725627,-12.945127
122.370235,0.670815,27.72975,-12.949307
122.546054,0.668514,27.733873,-12.953487
122.721873,0.666208,27.737996,-12.957668
122.897692,0.663896,27.742119,-12.961848
123.073512,0.66158,27.746242,-12.966028
123.073512,0.66158,27.746242,-12.966028